sondering_id,depth_bin,lithostrat_id,predicted_label
314,"(1.2, 1.8]",Quartair,Quartair
314,"(1.8, 2.4]",Quartair,Quartair
314,"(2.4, 3.0]",Quartair,Quartair
314,"(3.0, 3.6]",Quartair,Quartair
314,"(3.6, 4.2]",Quartair,Quartair
314,"(4.2, 4.8]",Quartair,Quartair
314,"(4.8, 5.4]",Quartair,Quartair
314,"(5.4, 6.0]",Quartair,Quartair
314,"(6.0, 6.6]",Quartair,Quartair
314,"(6.6, 7.2]",Quartair,Quartair
314,"(7.2, 7.8]",Quartair,Quartair
314,"(7.8, 8.4]",Quartair,Quartair
314,"(8.4, 9.0]",Quartair,Quartair
314,"(9.0, 9.6]",Quartair,Quartair
314,"(9.6, 10.2]",Quartair,Quartair
314,"(10.2, 10.8]",Quartair,Quartair
314,"(10.8, 11.4]",Quartair,Quartair
314,"(11.4, 12.0]",Quartair,Quartair
314,"(12.0, 12.6]",Quartair,Quartair
314,"(12.6, 13.2]",Quartair,Quartair
314,"(13.2, 13.8]",Quartair,Quartair
314,"(13.8, 14.4]",Quartair,Quartair
314,"(14.4, 15.0]",Quartair,Quartair
314,"(14.4, 15.0]",Mont_Panisel,Quartair
314,"(15.0, 15.6]",Mont_Panisel,Mont_Panisel
314,"(15.6, 16.2]",Mont_Panisel,Mont_Panisel
314,"(16.2, 16.8]",Mont_Panisel,Mont_Panisel
314,"(16.8, 17.4]",Mont_Panisel,Mont_Panisel
314,"(17.4, 18.0]",Mont_Panisel,Mont_Panisel
314,"(18.0, 18.6]",Mont_Panisel,Mont_Panisel
314,"(18.6, 19.2]",Mont_Panisel,Mont_Panisel
314,"(19.2, 19.8]",Mont_Panisel,Mont_Panisel
314,"(19.8, 20.4]",Mont_Panisel,Mont_Panisel
314,"(20.4, 21.0]",Mont_Panisel,Mont_Panisel
314,"(21.0, 21.6]",Mont_Panisel,Mont_Panisel
314,"(21.6, 22.2]",Mont_Panisel,Mont_Panisel
314,"(22.2, 22.8]",Mont_Panisel,Aalbeke
314,"(22.2, 22.8]",Aalbeke,Aalbeke
314,"(22.8, 23.4]",Aalbeke,Aalbeke
314,"(23.4, 24.0]",Aalbeke,Aalbeke
314,"(24.0, 24.6]",Aalbeke,Aalbeke
314,"(24.6, 25.2]",Aalbeke,Aalbeke
314,"(25.2, 25.8]",Aalbeke,Aalbeke
316,"(0.6, 1.2]",Quartair,Quartair
316,"(1.2, 1.8]",Quartair,Quartair
316,"(1.8, 2.4]",Quartair,Quartair
316,"(2.4, 3.0]",Quartair,Quartair
316,"(3.0, 3.6]",Quartair,Quartair
316,"(3.6, 4.2]",Quartair,Quartair
316,"(4.2, 4.8]",Quartair,Quartair
316,"(4.8, 5.4]",Quartair,Quartair
316,"(5.4, 6.0]",Quartair,Quartair
316,"(6.0, 6.6]",Quartair,Quartair
316,"(6.6, 7.2]",Quartair,Quartair
316,"(7.2, 7.8]",Quartair,Quartair
316,"(7.8, 8.4]",Quartair,Quartair
316,"(8.4, 9.0]",Quartair,Quartair
316,"(9.0, 9.6]",Quartair,Quartair
316,"(9.6, 10.2]",Quartair,Quartair
316,"(10.2, 10.8]",Quartair,Quartair
316,"(10.8, 11.4]",Quartair,Quartair
316,"(11.4, 12.0]",Quartair,Quartair
316,"(12.0, 12.6]",Quartair,Quartair
316,"(12.6, 13.2]",Quartair,Mont_Panisel
316,"(13.2, 13.8]",Quartair,Quartair
316,"(13.8, 14.4]",Quartair,Quartair
316,"(14.4, 15.0]",Quartair,Quartair
316,"(15.0, 15.6]",Quartair,Quartair
316,"(15.6, 16.2]",Quartair,Quartair
316,"(16.2, 16.8]",Mont_Panisel,Mont_Panisel
316,"(16.8, 17.4]",Mont_Panisel,Mont_Panisel
316,"(17.4, 18.0]",Mont_Panisel,Mont_Panisel
316,"(18.0, 18.6]",Mont_Panisel,Mont_Panisel
316,"(18.6, 19.2]",Mont_Panisel,Mont_Panisel
316,"(19.2, 19.8]",Mont_Panisel,Mont_Panisel
316,"(19.8, 20.4]",Mont_Panisel,Mont_Panisel
316,"(20.4, 21.0]",Mont_Panisel,Mont_Panisel
316,"(21.0, 21.6]",Mont_Panisel,Mont_Panisel
316,"(21.6, 22.2]",Mont_Panisel,Mont_Panisel
316,"(21.6, 22.2]",Aalbeke,Mont_Panisel
316,"(22.2, 22.8]",Aalbeke,Aalbeke
316,"(22.8, 23.4]",Aalbeke,Aalbeke
316,"(23.4, 24.0]",Aalbeke,Aalbeke
316,"(24.0, 24.6]",Aalbeke,Aalbeke
316,"(24.6, 25.2]",Aalbeke,Aalbeke
316,"(25.2, 25.8]",Aalbeke,Aalbeke
316,"(25.8, 26.4]",Aalbeke,Aalbeke
493,"(15.0, 15.6]",Mons_en_Pevele,Quartair
493,"(15.6, 16.2]",Mons_en_Pevele,Quartair
493,"(16.2, 16.8]",Mons_en_Pevele,Mons_en_Pevele
494,"(-0.001, 0.6]",Quartair,Quartair
494,"(0.6, 1.2]",Quartair,Quartair
494,"(1.2, 1.8]",Quartair,Quartair
494,"(1.8, 2.4]",Quartair,Quartair
494,"(2.4, 3.0]",Quartair,Quartair
494,"(3.0, 3.6]",Quartair,Quartair
494,"(3.6, 4.2]",Quartair,Quartair
494,"(4.2, 4.8]",Quartair,Quartair
494,"(4.8, 5.4]",Quartair,Quartair
494,"(4.8, 5.4]",Mont_Panisel,Quartair
494,"(5.4, 6.0]",Mont_Panisel,Quartair
494,"(6.0, 6.6]",Mont_Panisel,Quartair
494,"(6.6, 7.2]",Mont_Panisel,Quartair
494,"(6.6, 7.2]",Aalbeke,Quartair
494,"(7.2, 7.8]",Aalbeke,Quartair
494,"(7.8, 8.4]",Aalbeke,Aalbeke
494,"(8.4, 9.0]",Aalbeke,Aalbeke
494,"(9.0, 9.6]",Aalbeke,Aalbeke
494,"(9.6, 10.2]",Aalbeke,Aalbeke
494,"(10.2, 10.8]",Aalbeke,Quartair
494,"(10.8, 11.4]",Aalbeke,Wemmel
494,"(10.8, 11.4]",Mons_en_Pevele,Wemmel
494,"(11.4, 12.0]",Mons_en_Pevele,Brussel
494,"(12.0, 12.6]",Mons_en_Pevele,Wemmel
494,"(12.6, 13.2]",Mons_en_Pevele,Quartair
494,"(13.2, 13.8]",Mons_en_Pevele,Mons_en_Pevele
494,"(13.8, 14.4]",Mons_en_Pevele,Mons_en_Pevele
494,"(14.4, 15.0]",Mons_en_Pevele,Mons_en_Pevele
497,"(-0.001, 0.6]",Quartair,Quartair
497,"(0.6, 1.2]",Quartair,Quartair
497,"(1.2, 1.8]",Quartair,Quartair
497,"(1.8, 2.4]",Quartair,Quartair
497,"(2.4, 3.0]",Quartair,Quartair
497,"(3.0, 3.6]",Quartair,Quartair
497,"(3.6, 4.2]",Quartair,Quartair
497,"(4.2, 4.8]",Quartair,Quartair
497,"(4.8, 5.4]",Quartair,Quartair
497,"(5.4, 6.0]",Quartair,Quartair
497,"(6.0, 6.6]",Quartair,Quartair
497,"(6.6, 7.2]",Quartair,Asse
1135,"(0.6, 1.2]",Quartair,Quartair
1135,"(1.2, 1.8]",Quartair,Quartair
1135,"(1.8, 2.4]",Quartair,Quartair
1135,"(2.4, 3.0]",Quartair,Quartair
1135,"(3.0, 3.6]",Quartair,Quartair
1135,"(3.6, 4.2]",Quartair,Quartair
1135,"(4.2, 4.8]",Quartair,Brussel
1135,"(4.2, 4.8]",Brussel,Brussel
1135,"(4.8, 5.4]",Brussel,Brussel
1135,"(5.4, 6.0]",Brussel,Brussel
1580,"(-0.001, 0.6]",Quartair,Quartair
1580,"(0.6, 1.2]",Quartair,Quartair
1580,"(1.2, 1.8]",Quartair,Quartair
1580,"(1.8, 2.4]",Quartair,Quartair
1580,"(2.4, 3.0]",Quartair,Quartair
1580,"(3.0, 3.6]",Quartair,Quartair
1580,"(3.6, 4.2]",Quartair,Brussel
1580,"(4.2, 4.8]",Quartair,Brussel
1775,"(5.4, 6.0]",Ursel,Ursel
1775,"(6.0, 6.6]",Ursel,Ursel
1775,"(6.6, 7.2]",Ursel,Ursel
1775,"(7.2, 7.8]",Ursel,Ursel
1775,"(7.8, 8.4]",Ursel,Ursel
1775,"(8.4, 9.0]",Ursel,Ursel
1775,"(9.0, 9.6]",Asse,Asse
1775,"(9.6, 10.2]",Asse,Ursel
1775,"(10.2, 10.8]",Asse,Asse
1775,"(10.8, 11.4]",Asse,Ursel
1775,"(11.4, 12.0]",Asse,Ursel
1775,"(12.0, 12.6]",Asse,Ursel
1775,"(12.6, 13.2]",Asse,Asse
1775,"(13.2, 13.8]",Asse,Wemmel
1775,"(13.2, 13.8]",Wemmel,Wemmel
1775,"(13.8, 14.4]",Wemmel,Wemmel
1775,"(14.4, 15.0]",Wemmel,Wemmel
1775,"(15.0, 15.6]",Wemmel,Lede
1775,"(15.6, 16.2]",Wemmel,Lede
1775,"(16.2, 16.8]",Wemmel,Lede
1775,"(16.8, 17.4]",Wemmel,Wemmel
1775,"(17.4, 18.0]",Wemmel,Wemmel
1775,"(18.0, 18.6]",Wemmel,Wemmel
1775,"(18.6, 19.2]",Wemmel,Lede
1775,"(19.2, 19.8]",Wemmel,Lede
1775,"(19.8, 20.4]",Wemmel,Lede
1834,"(6.0, 6.6]",Ursel,Ursel
1834,"(6.6, 7.2]",Ursel,Ursel
1834,"(7.2, 7.8]",Ursel,Ursel
1834,"(7.8, 8.4]",Ursel,Ursel
1834,"(8.4, 9.0]",Ursel,Ursel
1834,"(9.0, 9.6]",Asse,Asse
1834,"(9.6, 10.2]",Asse,Asse
1834,"(10.2, 10.8]",Asse,Asse
1834,"(10.8, 11.4]",Asse,Ursel
1834,"(11.4, 12.0]",Asse,Asse
1834,"(12.0, 12.6]",Asse,Asse
1834,"(12.6, 13.2]",Asse,Asse
1834,"(13.2, 13.8]",Asse,Wemmel
1834,"(13.2, 13.8]",Wemmel,Wemmel
1834,"(13.8, 14.4]",Wemmel,Wemmel
1834,"(14.4, 15.0]",Wemmel,Wemmel
1834,"(15.0, 15.6]",Lede,Lede
1927,"(3.0, 3.6]",Quartair,Quartair
1927,"(3.6, 4.2]",Quartair,Quartair
1927,"(4.2, 4.8]",Quartair,Quartair
1927,"(4.8, 5.4]",Quartair,Quartair
1927,"(5.4, 6.0]",Quartair,Quartair
1927,"(6.0, 6.6]",Quartair,Quartair
1927,"(6.6, 7.2]",Quartair,Quartair
1927,"(7.2, 7.8]",Quartair,Quartair
1927,"(7.8, 8.4]",Quartair,Quartair
1927,"(8.4, 9.0]",Quartair,Quartair
1927,"(9.0, 9.6]",Quartair,Quartair
1927,"(9.6, 10.2]",Quartair,Quartair
1927,"(10.2, 10.8]",Quartair,Quartair
1927,"(10.8, 11.4]",Quartair,Quartair
1927,"(10.8, 11.4]",Aalbeke,Quartair
1927,"(11.4, 12.0]",Aalbeke,Quartair
1927,"(12.0, 12.6]",Aalbeke,Quartair
1927,"(12.6, 13.2]",Aalbeke,Aalbeke
1927,"(13.2, 13.8]",Aalbeke,Aalbeke
1927,"(13.8, 14.4]",Aalbeke,Aalbeke
1927,"(14.4, 15.0]",Aalbeke,Aalbeke
1927,"(15.0, 15.6]",Aalbeke,Mont_Panisel
1927,"(15.6, 16.2]",Aalbeke,Quartair
1927,"(15.6, 16.2]",Mons_en_Pevele,Quartair
1927,"(16.2, 16.8]",Mons_en_Pevele,Mons_en_Pevele
1927,"(16.8, 17.4]",Mons_en_Pevele,Mont_Panisel
1927,"(17.4, 18.0]",Mons_en_Pevele,Mont_Panisel
1927,"(18.0, 18.6]",Mons_en_Pevele,Mont_Panisel
1927,"(18.6, 19.2]",Mons_en_Pevele,Mont_Panisel
1927,"(19.2, 19.8]",Mons_en_Pevele,Mons_en_Pevele
1927,"(19.8, 20.4]",Mons_en_Pevele,Mons_en_Pevele
1927,"(20.4, 21.0]",Mons_en_Pevele,Aalbeke
1927,"(21.0, 21.6]",Mons_en_Pevele,Mont_Panisel
1927,"(21.6, 22.2]",Mons_en_Pevele,Mont_Panisel
1927,"(22.2, 22.8]",Mons_en_Pevele,Mons_en_Pevele
1927,"(22.8, 23.4]",Mons_en_Pevele,Mont_Panisel
1927,"(23.4, 24.0]",Mons_en_Pevele,Mons_en_Pevele
1927,"(24.0, 24.6]",Mons_en_Pevele,Mont_Panisel
1927,"(24.6, 25.2]",Mons_en_Pevele,Aalbeke
1927,"(25.2, 25.8]",Mons_en_Pevele,Mons_en_Pevele
1927,"(25.8, 26.4]",Mons_en_Pevele,Mont_Panisel
1927,"(26.4, 27.0]",Mons_en_Pevele,Mons_en_Pevele
1929,"(1.2, 1.8]",Quartair,Quartair
1929,"(1.8, 2.4]",Quartair,Quartair
1929,"(2.4, 3.0]",Quartair,Quartair
1929,"(3.0, 3.6]",Quartair,Quartair
1929,"(3.6, 4.2]",Quartair,Quartair
1929,"(4.2, 4.8]",Quartair,Quartair
1929,"(4.8, 5.4]",Quartair,Quartair
1929,"(5.4, 6.0]",Quartair,Quartair
1929,"(6.0, 6.6]",Quartair,Quartair
1929,"(6.6, 7.2]",Quartair,Quartair
1929,"(7.2, 7.8]",Quartair,Quartair
1929,"(7.8, 8.4]",Quartair,Quartair
1929,"(8.4, 9.0]",Quartair,Quartair
1929,"(9.0, 9.6]",Quartair,Quartair
1929,"(9.6, 10.2]",Quartair,Quartair
1929,"(10.2, 10.8]",Quartair,Quartair
1929,"(10.8, 11.4]",Quartair,Quartair
1929,"(10.8, 11.4]",Mont_Panisel,Quartair
1929,"(11.4, 12.0]",Mont_Panisel,Mont_Panisel
1929,"(12.0, 12.6]",Mont_Panisel,Mont_Panisel
1929,"(12.6, 13.2]",Mont_Panisel,Mont_Panisel
1929,"(13.2, 13.8]",Mont_Panisel,Mont_Panisel
1929,"(13.8, 14.4]",Mont_Panisel,Aalbeke
1929,"(13.8, 14.4]",Aalbeke,Aalbeke
1929,"(14.4, 15.0]",Aalbeke,Aalbeke
1929,"(15.0, 15.6]",Aalbeke,Aalbeke
1929,"(15.6, 16.2]",Aalbeke,Aalbeke
1929,"(16.2, 16.8]",Aalbeke,Aalbeke
1929,"(16.8, 17.4]",Aalbeke,Aalbeke
1929,"(17.4, 18.0]",Aalbeke,Aalbeke
1929,"(18.0, 18.6]",Aalbeke,Mons_en_Pevele
1929,"(18.0, 18.6]",Mons_en_Pevele,Mons_en_Pevele
1929,"(18.6, 19.2]",Mons_en_Pevele,Mons_en_Pevele
1929,"(19.2, 19.8]",Mons_en_Pevele,Mons_en_Pevele
1929,"(19.8, 20.4]",Mons_en_Pevele,Mons_en_Pevele
1929,"(20.4, 21.0]",Mons_en_Pevele,Mons_en_Pevele
1929,"(21.0, 21.6]",Mons_en_Pevele,Mons_en_Pevele
1929,"(21.6, 22.2]",Mons_en_Pevele,Mons_en_Pevele
1929,"(22.2, 22.8]",Mons_en_Pevele,Mons_en_Pevele
1929,"(22.8, 23.4]",Mons_en_Pevele,Mons_en_Pevele
1930,"(1.2, 1.8]",Quartair,Quartair
1930,"(1.8, 2.4]",Quartair,Quartair
1930,"(2.4, 3.0]",Quartair,Quartair
1930,"(3.0, 3.6]",Quartair,Quartair
1930,"(3.6, 4.2]",Quartair,Quartair
1930,"(4.2, 4.8]",Quartair,Quartair
1930,"(4.8, 5.4]",Quartair,Quartair
1930,"(5.4, 6.0]",Quartair,Quartair
1930,"(6.0, 6.6]",Quartair,Quartair
1930,"(6.6, 7.2]",Quartair,Quartair
1930,"(7.2, 7.8]",Quartair,Quartair
1930,"(7.8, 8.4]",Quartair,Quartair
1930,"(8.4, 9.0]",Quartair,Quartair
1930,"(9.0, 9.6]",Quartair,Quartair
1930,"(9.6, 10.2]",Quartair,Quartair
1930,"(10.2, 10.8]",Quartair,Quartair
1930,"(10.8, 11.4]",Quartair,Quartair
1930,"(10.8, 11.4]",Mont_Panisel,Quartair
1930,"(11.4, 12.0]",Mont_Panisel,Mont_Panisel
1930,"(12.0, 12.6]",Mont_Panisel,Mont_Panisel
1930,"(12.6, 13.2]",Mont_Panisel,Mont_Panisel
1930,"(13.2, 13.8]",Mont_Panisel,Mont_Panisel
1930,"(13.8, 14.4]",Mont_Panisel,Mont_Panisel
1930,"(13.8, 14.4]",Aalbeke,Mont_Panisel
1930,"(14.4, 15.0]",Aalbeke,Aalbeke
1930,"(15.0, 15.6]",Aalbeke,Aalbeke
1930,"(15.6, 16.2]",Aalbeke,Aalbeke
1930,"(16.2, 16.8]",Aalbeke,Aalbeke
1930,"(16.8, 17.4]",Aalbeke,Aalbeke
1930,"(17.4, 18.0]",Aalbeke,Aalbeke
1930,"(18.0, 18.6]",Aalbeke,Aalbeke
1930,"(18.6, 19.2]",Aalbeke,Aalbeke
1930,"(19.2, 19.8]",Mons_en_Pevele,Mons_en_Pevele
1930,"(19.8, 20.4]",Mons_en_Pevele,Mons_en_Pevele
1930,"(20.4, 21.0]",Mons_en_Pevele,Mons_en_Pevele
1930,"(21.0, 21.6]",Mons_en_Pevele,Mons_en_Pevele
1930,"(21.6, 22.2]",Mons_en_Pevele,Mons_en_Pevele
1930,"(22.2, 22.8]",Mons_en_Pevele,Mons_en_Pevele
1930,"(22.8, 23.4]",Mons_en_Pevele,Mons_en_Pevele
2916,"(-0.001, 0.6]",Quartair,Quartair
2916,"(0.6, 1.2]",Quartair,Quartair
2916,"(1.2, 1.8]",Quartair,Quartair
2916,"(1.8, 2.4]",Quartair,Quartair
2916,"(2.4, 3.0]",Quartair,Quartair
2916,"(3.0, 3.6]",Quartair,Quartair
2916,"(3.6, 4.2]",Quartair,Quartair
2916,"(4.2, 4.8]",Quartair,Quartair
2916,"(4.8, 5.4]",Quartair,Quartair
2916,"(5.4, 6.0]",Quartair,Quartair
2916,"(6.0, 6.6]",Quartair,Quartair
2916,"(6.6, 7.2]",Quartair,Quartair
2916,"(7.2, 7.8]",Quartair,Quartair
2916,"(7.8, 8.4]",Quartair,Quartair
2916,"(8.4, 9.0]",Quartair,Quartair
2916,"(9.0, 9.6]",Quartair,Quartair
2916,"(9.6, 10.2]",Quartair,Quartair
2916,"(10.2, 10.8]",Quartair,Quartair
2916,"(10.8, 11.4]",Quartair,Quartair
2916,"(11.4, 12.0]",Quartair,Quartair
2916,"(12.0, 12.6]",Quartair,Quartair
2916,"(12.6, 13.2]",Quartair,Mont_Panisel
2916,"(12.6, 13.2]",Mons_en_Pevele,Mont_Panisel
2916,"(13.2, 13.8]",Mons_en_Pevele,Merelbeke
2916,"(13.8, 14.4]",Mons_en_Pevele,Aalbeke
2916,"(14.4, 15.0]",Mons_en_Pevele,Merelbeke
2916,"(15.0, 15.6]",Mons_en_Pevele,Mons_en_Pevele
2916,"(15.6, 16.2]",Mons_en_Pevele,Mont_Panisel
2923,"(1.2, 1.8]",Quartair,Quartair
2923,"(1.8, 2.4]",Quartair,Quartair
2923,"(2.4, 3.0]",Quartair,Quartair
2923,"(3.0, 3.6]",Quartair,Quartair
2923,"(3.6, 4.2]",Quartair,Quartair
2923,"(4.2, 4.8]",Quartair,Quartair
2923,"(4.8, 5.4]",Quartair,Quartair
2923,"(5.4, 6.0]",Quartair,Quartair
2923,"(6.0, 6.6]",Quartair,Quartair
2923,"(6.6, 7.2]",Quartair,Quartair
2923,"(7.2, 7.8]",Quartair,Quartair
2923,"(7.8, 8.4]",Quartair,Quartair
2923,"(8.4, 9.0]",Quartair,Quartair
2923,"(9.0, 9.6]",Quartair,Quartair
2923,"(9.6, 10.2]",Quartair,Quartair
2923,"(10.2, 10.8]",Quartair,Quartair
2923,"(10.8, 11.4]",Quartair,Quartair
2923,"(11.4, 12.0]",Quartair,Quartair
2923,"(12.0, 12.6]",Quartair,Quartair
2923,"(12.0, 12.6]",Merelbeke,Quartair
2923,"(12.6, 13.2]",Merelbeke,Merelbeke
2923,"(13.2, 13.8]",Merelbeke,Merelbeke
2923,"(13.8, 14.4]",Merelbeke,Merelbeke
2923,"(14.4, 15.0]",Merelbeke,Mons_en_Pevele
2923,"(14.4, 15.0]",Mont_Panisel,Mons_en_Pevele
2923,"(15.0, 15.6]",Mont_Panisel,Mons_en_Pevele
2923,"(15.6, 16.2]",Mont_Panisel,Mons_en_Pevele
2923,"(16.2, 16.8]",Mont_Panisel,Mons_en_Pevele
2923,"(16.8, 17.4]",Mont_Panisel,Mons_en_Pevele
2923,"(17.4, 18.0]",Mont_Panisel,Mons_en_Pevele
3388,"(1.2, 1.8]",Quartair,Quartair
3388,"(1.8, 2.4]",Quartair,Quartair
3388,"(2.4, 3.0]",Quartair,Quartair
3388,"(3.0, 3.6]",Quartair,Quartair
3388,"(3.6, 4.2]",Quartair,Quartair
3388,"(4.2, 4.8]",Quartair,Quartair
3388,"(4.8, 5.4]",Quartair,Quartair
3388,"(5.4, 6.0]",Quartair,Quartair
3388,"(6.0, 6.6]",Quartair,Quartair
3388,"(6.6, 7.2]",Quartair,Quartair
3388,"(7.2, 7.8]",Quartair,Quartair
3388,"(7.8, 8.4]",Quartair,Quartair
3388,"(8.4, 9.0]",Quartair,Quartair
3388,"(9.0, 9.6]",Quartair,Quartair
3388,"(9.6, 10.2]",Quartair,Quartair
3388,"(10.2, 10.8]",Quartair,Quartair
3388,"(10.8, 11.4]",Quartair,Quartair
3388,"(11.4, 12.0]",Quartair,Quartair
3388,"(12.0, 12.6]",Mons_en_Pevele,Quartair
3388,"(12.6, 13.2]",Mons_en_Pevele,Mons_en_Pevele
3388,"(13.2, 13.8]",Mons_en_Pevele,Mons_en_Pevele
3388,"(13.8, 14.4]",Mons_en_Pevele,Mons_en_Pevele
3388,"(14.4, 15.0]",Mons_en_Pevele,Mons_en_Pevele
3388,"(15.0, 15.6]",Mons_en_Pevele,Mons_en_Pevele
3388,"(15.6, 16.2]",Mons_en_Pevele,Mons_en_Pevele
3388,"(16.2, 16.8]",Mons_en_Pevele,Mons_en_Pevele
3388,"(16.8, 17.4]",Mons_en_Pevele,Mons_en_Pevele
3388,"(17.4, 18.0]",Mons_en_Pevele,Mons_en_Pevele
3388,"(18.0, 18.6]",Mons_en_Pevele,Mons_en_Pevele
3388,"(18.6, 19.2]",Mons_en_Pevele,Mons_en_Pevele
3388,"(19.2, 19.8]",Mons_en_Pevele,Mons_en_Pevele
3388,"(19.8, 20.4]",Mons_en_Pevele,Mons_en_Pevele
3388,"(20.4, 21.0]",Mons_en_Pevele,Mons_en_Pevele
3388,"(21.0, 21.6]",Mons_en_Pevele,Mont_Panisel
3388,"(21.6, 22.2]",Mons_en_Pevele,Mons_en_Pevele
3388,"(22.2, 22.8]",Mons_en_Pevele,Aalbeke
3388,"(22.8, 23.4]",Mons_en_Pevele,Aalbeke
3388,"(23.4, 24.0]",Mons_en_Pevele,Mons_en_Pevele
3388,"(24.0, 24.6]",Mons_en_Pevele,Mons_en_Pevele
3388,"(24.6, 25.2]",Mons_en_Pevele,Mons_en_Pevele
3389,"(1.2, 1.8]",Quartair,Quartair
3389,"(1.8, 2.4]",Quartair,Quartair
3389,"(2.4, 3.0]",Quartair,Quartair
3389,"(3.0, 3.6]",Quartair,Quartair
3389,"(3.6, 4.2]",Quartair,Quartair
3389,"(4.2, 4.8]",Quartair,Quartair
3389,"(4.8, 5.4]",Quartair,Quartair
3389,"(5.4, 6.0]",Quartair,Quartair
3389,"(6.0, 6.6]",Quartair,Quartair
3389,"(6.6, 7.2]",Quartair,Quartair
3389,"(7.2, 7.8]",Quartair,Quartair
3389,"(7.8, 8.4]",Quartair,Quartair
3389,"(8.4, 9.0]",Quartair,Quartair
3389,"(9.0, 9.6]",Quartair,Quartair
3389,"(9.6, 10.2]",Quartair,Quartair
3389,"(10.2, 10.8]",Quartair,Quartair
3389,"(10.8, 11.4]",Quartair,Quartair
3389,"(10.8, 11.4]",Mons_en_Pevele,Quartair
3389,"(11.4, 12.0]",Mons_en_Pevele,Quartair
3389,"(12.0, 12.6]",Mons_en_Pevele,Quartair
3389,"(12.6, 13.2]",Mons_en_Pevele,Quartair
3389,"(13.2, 13.8]",Mons_en_Pevele,Quartair
3389,"(13.8, 14.4]",Mons_en_Pevele,Mons_en_Pevele
3389,"(14.4, 15.0]",Mons_en_Pevele,Mons_en_Pevele
3389,"(15.0, 15.6]",Mons_en_Pevele,Mons_en_Pevele
3389,"(15.6, 16.2]",Mons_en_Pevele,Mons_en_Pevele
3389,"(16.2, 16.8]",Mons_en_Pevele,Mons_en_Pevele
3389,"(16.8, 17.4]",Mons_en_Pevele,Mons_en_Pevele
3389,"(17.4, 18.0]",Mons_en_Pevele,Mons_en_Pevele
3389,"(18.0, 18.6]",Mons_en_Pevele,Mons_en_Pevele
3389,"(18.6, 19.2]",Mons_en_Pevele,Mons_en_Pevele
3389,"(19.2, 19.8]",Mons_en_Pevele,Mons_en_Pevele
3389,"(19.8, 20.4]",Mons_en_Pevele,Mons_en_Pevele
3389,"(20.4, 21.0]",Mons_en_Pevele,Mons_en_Pevele
3389,"(21.0, 21.6]",Mons_en_Pevele,Mons_en_Pevele
3389,"(21.6, 22.2]",Mons_en_Pevele,Aalbeke
3389,"(22.2, 22.8]",Mons_en_Pevele,Aalbeke
3389,"(22.8, 23.4]",Mons_en_Pevele,Mons_en_Pevele
3389,"(23.4, 24.0]",Mons_en_Pevele,Mons_en_Pevele
3397,"(1.8, 2.4]",Quartair,Quartair
3397,"(2.4, 3.0]",Quartair,Quartair
3397,"(3.0, 3.6]",Quartair,Quartair
3397,"(3.6, 4.2]",Quartair,Quartair
3397,"(4.2, 4.8]",Quartair,Quartair
3397,"(4.8, 5.4]",Quartair,Quartair
3397,"(5.4, 6.0]",Quartair,Quartair
3397,"(6.0, 6.6]",Quartair,Quartair
3397,"(6.6, 7.2]",Quartair,Quartair
3397,"(7.2, 7.8]",Quartair,Quartair
3397,"(7.8, 8.4]",Quartair,Quartair
3397,"(8.4, 9.0]",Quartair,Quartair
3397,"(9.0, 9.6]",Quartair,Quartair
3397,"(9.6, 10.2]",Quartair,Quartair
3397,"(10.2, 10.8]",Quartair,Mons_en_Pevele
3397,"(10.8, 11.4]",Quartair,Mons_en_Pevele
3397,"(10.8, 11.4]",Mons_en_Pevele,Mons_en_Pevele
3397,"(11.4, 12.0]",Mons_en_Pevele,Mons_en_Pevele
3397,"(12.0, 12.6]",Mons_en_Pevele,Mons_en_Pevele
3397,"(12.6, 13.2]",Mons_en_Pevele,Mons_en_Pevele
3397,"(13.2, 13.8]",Mons_en_Pevele,Mons_en_Pevele
3397,"(13.8, 14.4]",Mons_en_Pevele,Mons_en_Pevele
3397,"(14.4, 15.0]",Mons_en_Pevele,Mons_en_Pevele
3397,"(15.0, 15.6]",Mons_en_Pevele,Mons_en_Pevele
3397,"(15.6, 16.2]",Mons_en_Pevele,Mons_en_Pevele
3397,"(16.2, 16.8]",Mons_en_Pevele,Mons_en_Pevele
3397,"(16.8, 17.4]",Mons_en_Pevele,Mons_en_Pevele
3397,"(17.4, 18.0]",Mons_en_Pevele,Mons_en_Pevele
3397,"(18.0, 18.6]",Mons_en_Pevele,Mons_en_Pevele
3397,"(18.6, 19.2]",Mons_en_Pevele,Mons_en_Pevele
3397,"(19.2, 19.8]",Mons_en_Pevele,Mons_en_Pevele
3397,"(19.8, 20.4]",Mons_en_Pevele,Mons_en_Pevele
3397,"(20.4, 21.0]",Mons_en_Pevele,Mons_en_Pevele
3397,"(21.0, 21.6]",Mons_en_Pevele,Mons_en_Pevele
3397,"(21.6, 22.2]",Mons_en_Pevele,Mons_en_Pevele
3397,"(22.2, 22.8]",Mons_en_Pevele,Mons_en_Pevele
3397,"(22.8, 23.4]",Mons_en_Pevele,Mons_en_Pevele
3397,"(23.4, 24.0]",Mons_en_Pevele,Mons_en_Pevele
3397,"(24.0, 24.6]",Mons_en_Pevele,Mons_en_Pevele
3397,"(24.6, 25.2]",Mons_en_Pevele,Mons_en_Pevele
3397,"(25.2, 25.8]",Mons_en_Pevele,Mons_en_Pevele
3397,"(25.8, 26.4]",Mons_en_Pevele,Mons_en_Pevele
3397,"(26.4, 27.0]",Mons_en_Pevele,Mons_en_Pevele
3655,"(-0.001, 0.6]",Quartair,Quartair
3655,"(0.6, 1.2]",Quartair,Quartair
3655,"(1.2, 1.8]",Quartair,Quartair
3655,"(1.8, 2.4]",Quartair,Quartair
3655,"(2.4, 3.0]",Quartair,Quartair
3655,"(3.0, 3.6]",Quartair,Quartair
3655,"(3.6, 4.2]",Quartair,Quartair
3655,"(4.2, 4.8]",Quartair,Quartair
3655,"(4.8, 5.4]",Quartair,Quartair
3655,"(5.4, 6.0]",Quartair,Quartair
3655,"(6.0, 6.6]",Quartair,Quartair
3655,"(6.6, 7.2]",Quartair,Quartair
3655,"(7.2, 7.8]",Quartair,Quartair
3655,"(7.2, 7.8]",Brussel,Quartair
3655,"(7.8, 8.4]",Brussel,Quartair
3655,"(8.4, 9.0]",Brussel,Quartair
3655,"(9.0, 9.6]",Brussel,Brussel
3655,"(9.6, 10.2]",Brussel,Brussel
3665,"(-0.001, 0.6]",Quartair,Quartair
3665,"(0.6, 1.2]",Quartair,Quartair
3665,"(1.2, 1.8]",Quartair,Quartair
3665,"(1.8, 2.4]",Quartair,Quartair
3665,"(2.4, 3.0]",Quartair,Quartair
3665,"(3.0, 3.6]",Quartair,Quartair
3665,"(3.6, 4.2]",Quartair,Quartair
3665,"(4.2, 4.8]",Quartair,Quartair
3665,"(4.8, 5.4]",Quartair,Quartair
3665,"(5.4, 6.0]",Quartair,Quartair
3665,"(6.0, 6.6]",Quartair,Brussel
3665,"(6.6, 7.2]",Quartair,Quartair
3665,"(7.2, 7.8]",Quartair,Quartair
3665,"(7.8, 8.4]",Quartair,Quartair
3665,"(8.4, 9.0]",Quartair,Quartair
3665,"(9.0, 9.6]",Quartair,Quartair
3665,"(9.6, 10.2]",Quartair,Quartair
3674,"(1.2, 1.8]",Quartair,Quartair
3674,"(1.8, 2.4]",Quartair,Quartair
3674,"(2.4, 3.0]",Quartair,Quartair
3674,"(3.0, 3.6]",Quartair,Quartair
3674,"(3.6, 4.2]",Quartair,Quartair
3674,"(4.2, 4.8]",Quartair,Quartair
3674,"(4.8, 5.4]",Quartair,Quartair
3674,"(5.4, 6.0]",Quartair,Quartair
3674,"(6.0, 6.6]",Quartair,Quartair
3675,"(1.2, 1.8]",Quartair,Quartair
3675,"(1.8, 2.4]",Quartair,Quartair
3675,"(2.4, 3.0]",Quartair,Quartair
3675,"(3.0, 3.6]",Quartair,Quartair
3675,"(3.6, 4.2]",Quartair,Quartair
3675,"(4.2, 4.8]",Quartair,Quartair
3675,"(4.8, 5.4]",Quartair,Quartair
3675,"(5.4, 6.0]",Quartair,Quartair
3677,"(1.2, 1.8]",Quartair,Quartair
3677,"(1.8, 2.4]",Quartair,Quartair
3677,"(2.4, 3.0]",Quartair,Quartair
3677,"(3.0, 3.6]",Quartair,Quartair
3677,"(3.6, 4.2]",Quartair,Quartair
3677,"(4.2, 4.8]",Quartair,Wemmel
3677,"(4.8, 5.4]",Quartair,Quartair
3677,"(4.8, 5.4]",Wemmel,Quartair
3677,"(5.4, 6.0]",Wemmel,Lede
3677,"(6.0, 6.6]",Wemmel,Lede
3677,"(6.6, 7.2]",Wemmel,Quartair
3677,"(7.2, 7.8]",Wemmel,Quartair
3677,"(7.8, 8.4]",Wemmel,Quartair
3677,"(8.4, 9.0]",Wemmel,Wemmel
3677,"(9.0, 9.6]",Wemmel,Wemmel
3677,"(9.6, 10.2]",Wemmel,Wemmel
3683,"(1.2, 1.8]",Quartair,Quartair
3683,"(1.8, 2.4]",Quartair,Quartair
3683,"(2.4, 3.0]",Quartair,Quartair
3683,"(3.0, 3.6]",Quartair,Quartair
3683,"(3.6, 4.2]",Lede,Quartair
3683,"(4.2, 4.8]",Lede,Quartair
3683,"(4.8, 5.4]",Lede,Lede
3683,"(5.4, 6.0]",Lede,Lede
3683,"(6.0, 6.6]",Lede,Lede
3683,"(6.6, 7.2]",Lede,Lede
3683,"(7.2, 7.8]",Lede,Lede
3683,"(7.8, 8.4]",Lede,Lede
3683,"(8.4, 9.0]",Lede,Lede
3683,"(9.0, 9.6]",Lede,Lede
3683,"(9.6, 10.2]",Lede,Lede
3720,"(10.8, 11.4]",Kwatrecht,Quartair
3720,"(11.4, 12.0]",Kwatrecht,Kwatrecht
3720,"(12.0, 12.6]",Kwatrecht,Kwatrecht
3720,"(12.6, 13.2]",Kwatrecht,Kwatrecht
3720,"(13.2, 13.8]",Kwatrecht,Aalbeke
3720,"(13.8, 14.4]",Kwatrecht,Mont_Panisel
3720,"(14.4, 15.0]",Kwatrecht,Kwatrecht
3720,"(15.0, 15.6]",Kwatrecht,Kwatrecht
3720,"(15.6, 16.2]",Kwatrecht,Kwatrecht
3720,"(16.2, 16.8]",Kwatrecht,Kwatrecht
3720,"(16.8, 17.4]",Kwatrecht,Kwatrecht
3720,"(16.8, 17.4]",Mont_Panisel,Kwatrecht
3720,"(17.4, 18.0]",Mont_Panisel,Mont_Panisel
3720,"(18.0, 18.6]",Mont_Panisel,Mont_Panisel
3720,"(18.6, 19.2]",Mont_Panisel,Mont_Panisel
3720,"(19.2, 19.8]",Mont_Panisel,Mont_Panisel
3720,"(19.8, 20.4]",Mont_Panisel,Mont_Panisel
3720,"(20.4, 21.0]",Mont_Panisel,Mont_Panisel
3720,"(21.0, 21.6]",Mont_Panisel,Mont_Panisel
3720,"(21.6, 22.2]",Mont_Panisel,Kwatrecht
3720,"(22.2, 22.8]",Mont_Panisel,Kwatrecht
3722,"(1.2, 1.8]",Quartair,Quartair
3722,"(1.8, 2.4]",Quartair,Quartair
3722,"(2.4, 3.0]",Quartair,Quartair
3722,"(3.0, 3.6]",Quartair,Quartair
3722,"(3.6, 4.2]",Quartair,Quartair
3722,"(4.2, 4.8]",Quartair,Quartair
3722,"(4.8, 5.4]",Quartair,Quartair
3722,"(4.8, 5.4]",Lede,Quartair
3722,"(5.4, 6.0]",Lede,Quartair
3722,"(6.0, 6.6]",Lede,Lede
3722,"(6.6, 7.2]",Lede,Lede
3722,"(7.2, 7.8]",Lede,Lede
3722,"(7.8, 8.4]",Lede,Quartair
3722,"(8.4, 9.0]",Lede,Quartair
3722,"(9.0, 9.6]",Lede,Quartair
3722,"(9.6, 10.2]",Lede,Lede
3722,"(10.2, 10.8]",Lede,Lede
3722,"(10.8, 11.4]",Lede,Lede
3722,"(11.4, 12.0]",Lede,Lede
3722,"(12.0, 12.6]",Lede,Lede
3722,"(12.0, 12.6]",Kwatrecht,Lede
3722,"(12.6, 13.2]",Kwatrecht,Kwatrecht
3722,"(13.2, 13.8]",Kwatrecht,Kwatrecht
3722,"(13.8, 14.4]",Kwatrecht,Kwatrecht
3722,"(14.4, 15.0]",Kwatrecht,Mont_Panisel
3722,"(14.4, 15.0]",Mont_Panisel,Mont_Panisel
3722,"(15.0, 15.6]",Mont_Panisel,Quartair
3722,"(15.6, 16.2]",Mont_Panisel,Brussel
3722,"(16.2, 16.8]",Mont_Panisel,Mont_Panisel
3722,"(16.8, 17.4]",Mont_Panisel,Mont_Panisel
3722,"(17.4, 18.0]",Mont_Panisel,Mont_Panisel
3722,"(18.0, 18.6]",Mont_Panisel,Mont_Panisel
3722,"(18.6, 19.2]",Mont_Panisel,Mont_Panisel
3722,"(19.2, 19.8]",Mont_Panisel,Mont_Panisel
3722,"(19.8, 20.4]",Mont_Panisel,Mont_Panisel
3722,"(20.4, 21.0]",Mont_Panisel,Mont_Panisel
3722,"(21.0, 21.6]",Mont_Panisel,Mont_Panisel
3722,"(21.6, 22.2]",Mont_Panisel,Mont_Panisel
3745,"(-0.001, 0.6]",Quartair,Quartair
3745,"(0.6, 1.2]",Quartair,Quartair
3745,"(1.2, 1.8]",Quartair,Quartair
3745,"(1.8, 2.4]",Quartair,Quartair
3745,"(2.4, 3.0]",Quartair,Quartair
3745,"(3.0, 3.6]",Quartair,Quartair
3745,"(3.6, 4.2]",Quartair,Quartair
3745,"(4.2, 4.8]",Quartair,Quartair
3745,"(4.8, 5.4]",Quartair,Quartair
3745,"(5.4, 6.0]",Quartair,Quartair
3745,"(6.0, 6.6]",Quartair,Quartair
3745,"(6.0, 6.6]",Brussel,Quartair
3745,"(6.6, 7.2]",Brussel,Quartair
3745,"(7.2, 7.8]",Brussel,Brussel
3745,"(7.8, 8.4]",Brussel,Brussel
3745,"(8.4, 9.0]",Brussel,Brussel
3745,"(9.0, 9.6]",Brussel,Brussel
3745,"(9.6, 10.2]",Brussel,Brussel
3747,"(-0.001, 0.6]",Quartair,Quartair
3747,"(0.6, 1.2]",Quartair,Quartair
3747,"(1.2, 1.8]",Quartair,Quartair
3747,"(1.8, 2.4]",Quartair,Quartair
3747,"(2.4, 3.0]",Quartair,Quartair
3747,"(3.0, 3.6]",Quartair,Quartair
3747,"(3.6, 4.2]",Quartair,Quartair
3747,"(4.2, 4.8]",Quartair,Quartair
3747,"(4.8, 5.4]",Quartair,Quartair
3747,"(4.8, 5.4]",Brussel,Quartair
3747,"(5.4, 6.0]",Brussel,Quartair
3747,"(6.0, 6.6]",Brussel,Quartair
3747,"(6.6, 7.2]",Brussel,Brussel
3747,"(7.2, 7.8]",Brussel,Brussel
3747,"(7.8, 8.4]",Brussel,Quartair
3747,"(8.4, 9.0]",Brussel,Quartair
3747,"(9.0, 9.6]",Brussel,Quartair
3747,"(9.6, 10.2]",Brussel,Quartair
3807,"(6.0, 6.6]",Lede,Quartair
3807,"(6.6, 7.2]",Lede,Wemmel
3807,"(7.2, 7.8]",Lede,Lede
3807,"(7.8, 8.4]",Lede,Lede
3807,"(8.4, 9.0]",Lede,Lede
3807,"(9.0, 9.6]",Lede,Lede
3807,"(9.6, 10.2]",Lede,Lede
3893,"(1.2, 1.8]",Quartair,Quartair
3893,"(1.8, 2.4]",Quartair,Quartair
3893,"(2.4, 3.0]",Quartair,Quartair
3893,"(3.0, 3.6]",Quartair,Quartair
3893,"(3.6, 4.2]",Quartair,Quartair
3893,"(4.2, 4.8]",Quartair,Quartair
3893,"(4.8, 5.4]",Quartair,Quartair
3893,"(5.4, 6.0]",Quartair,Quartair
3893,"(6.0, 6.6]",Quartair,Quartair
3893,"(6.6, 7.2]",Quartair,Quartair
3893,"(7.2, 7.8]",Quartair,Quartair
3893,"(7.8, 8.4]",Quartair,Quartair
3893,"(8.4, 9.0]",Quartair,Quartair
3893,"(9.0, 9.6]",Quartair,Quartair
3893,"(9.6, 10.2]",Quartair,Quartair
3893,"(10.2, 10.8]",Quartair,Quartair
3893,"(10.8, 11.4]",Quartair,Quartair
3893,"(10.8, 11.4]",Mons_en_Pevele,Quartair
3893,"(11.4, 12.0]",Mons_en_Pevele,Quartair
3893,"(12.0, 12.6]",Mons_en_Pevele,Quartair
3893,"(12.6, 13.2]",Mons_en_Pevele,Quartair
3893,"(13.2, 13.8]",Mons_en_Pevele,Mons_en_Pevele
4411,"(-0.001, 0.6]",Quartair,Quartair
4411,"(0.6, 1.2]",Quartair,Quartair
4411,"(1.2, 1.8]",Quartair,Quartair
4411,"(1.8, 2.4]",Quartair,Quartair
4411,"(2.4, 3.0]",Quartair,Quartair
4411,"(3.0, 3.6]",Quartair,Quartair
4411,"(3.6, 4.2]",Quartair,Quartair
4411,"(4.2, 4.8]",Diest,Quartair
4411,"(4.8, 5.4]",Diest,Quartair
4411,"(5.4, 6.0]",Diest,Quartair
4411,"(6.0, 6.6]",Diest,Bolderberg
4411,"(6.6, 7.2]",Diest,Bolderberg
4411,"(7.2, 7.8]",Diest,Lede
4411,"(7.8, 8.4]",Diest,Lede
4411,"(8.4, 9.0]",Diest,Wemmel
4411,"(9.0, 9.6]",Diest,Diest
4411,"(9.6, 10.2]",Diest,Lede
4411,"(10.2, 10.8]",Diest,Lede
4411,"(10.8, 11.4]",Diest,Lede
4411,"(11.4, 12.0]",Diest,Lede
4411,"(12.0, 12.6]",Diest,Lede
4411,"(12.6, 13.2]",Diest,Lede
4411,"(13.2, 13.8]",Diest,Lede
4411,"(13.8, 14.4]",Diest,Lede
4411,"(14.4, 15.0]",Diest,Brussel
4411,"(15.0, 15.6]",Diest,Lede
4441,"(-0.001, 0.6]",Quartair,Quartair
4441,"(0.6, 1.2]",Quartair,Quartair
4441,"(1.2, 1.8]",Quartair,Quartair
4441,"(1.8, 2.4]",Quartair,Quartair
4441,"(2.4, 3.0]",Quartair,Quartair
4441,"(3.0, 3.6]",Quartair,Quartair
4441,"(3.6, 4.2]",Quartair,Quartair
4441,"(4.2, 4.8]",Quartair,Quartair
4441,"(4.8, 5.4]",Quartair,Quartair
4441,"(5.4, 6.0]",Quartair,Quartair
4441,"(6.0, 6.6]",Lede,Lede
4441,"(6.6, 7.2]",Lede,Lede
4441,"(7.2, 7.8]",Lede,Lede
4441,"(7.8, 8.4]",Lede,Lede
4441,"(8.4, 9.0]",Lede,Lede
4441,"(9.0, 9.6]",Lede,Lede
4441,"(9.6, 10.2]",Lede,Lede
4441,"(10.2, 10.8]",Lede,Lede
4441,"(10.8, 11.4]",Lede,Lede
4441,"(11.4, 12.0]",Lede,Lede
4441,"(12.0, 12.6]",Lede,Lede
4441,"(12.6, 13.2]",Lede,Lede
4441,"(13.2, 13.8]",Lede,Lede
4441,"(13.8, 14.4]",Lede,Lede
4441,"(14.4, 15.0]",Lede,Lede
4441,"(15.0, 15.6]",Lede,Lede
4441,"(15.0, 15.6]",Brussel,Lede
4441,"(15.6, 16.2]",Brussel,Lede
4441,"(16.2, 16.8]",Brussel,Lede
4441,"(16.8, 17.4]",Brussel,Lede
4441,"(17.4, 18.0]",Brussel,Lede
4441,"(18.0, 18.6]",Brussel,Lede
4441,"(18.6, 19.2]",Brussel,Lede
4441,"(19.2, 19.8]",Brussel,Lede
4441,"(19.8, 20.4]",Brussel,Lede
4441,"(20.4, 21.0]",Brussel,Lede
4441,"(21.0, 21.6]",Brussel,Lede
4441,"(21.6, 22.2]",Brussel,Lede
4441,"(22.2, 22.8]",Brussel,Lede
4441,"(22.8, 23.4]",Brussel,Brussel
4441,"(23.4, 24.0]",Brussel,Lede
4441,"(24.0, 24.6]",Brussel,Lede
4441,"(24.6, 25.2]",Brussel,Brussel
4441,"(25.2, 25.8]",Brussel,Brussel
4441,"(25.8, 26.4]",Brussel,Brussel
4441,"(26.4, 27.0]",Brussel,Brussel
4441,"(27.0, 27.6]",Brussel,Brussel
4441,"(27.6, 28.2]",Brussel,Brussel
4441,"(28.2, 28.8]",Brussel,Lede
4441,"(28.8, 29.4]",Brussel,Lede
4441,"(29.4, 30.0]",Brussel,Brussel
4441,"(30.0, 30.6]",Brussel,Lede
4448,"(6.6, 7.2]",Brussel,Brussel
4448,"(7.2, 7.8]",Brussel,Brussel
4448,"(7.8, 8.4]",Brussel,Brussel
4448,"(8.4, 9.0]",Brussel,Brussel
4448,"(9.0, 9.6]",Brussel,Brussel
4448,"(9.6, 10.2]",Brussel,Brussel
4448,"(10.2, 10.8]",Brussel,Brussel
4448,"(10.8, 11.4]",Brussel,Brussel
4448,"(11.4, 12.0]",Brussel,Brussel
4448,"(12.0, 12.6]",Brussel,Brussel
4448,"(12.6, 13.2]",Brussel,Brussel
4448,"(13.2, 13.8]",Brussel,Brussel
4448,"(13.8, 14.4]",Brussel,Brussel
4448,"(14.4, 15.0]",Brussel,Brussel
4448,"(15.0, 15.6]",Brussel,Brussel
4448,"(15.6, 16.2]",Brussel,Brussel
4448,"(16.2, 16.8]",Brussel,Brussel
4448,"(16.8, 17.4]",Brussel,Brussel
4448,"(17.4, 18.0]",Brussel,Brussel
4448,"(18.0, 18.6]",Brussel,Brussel
4455,"(2.4, 3.0]",Quartair,Quartair
4455,"(3.0, 3.6]",Quartair,Quartair
4455,"(3.6, 4.2]",Quartair,Quartair
4455,"(4.2, 4.8]",Quartair,Quartair
4455,"(4.8, 5.4]",Quartair,Quartair
4455,"(5.4, 6.0]",Quartair,Quartair
4455,"(6.0, 6.6]",Quartair,Quartair
4455,"(6.6, 7.2]",Quartair,Quartair
4455,"(7.2, 7.8]",Quartair,Quartair
4455,"(7.8, 8.4]",Quartair,Quartair
4455,"(8.4, 9.0]",Quartair,Quartair
4455,"(9.0, 9.6]",Quartair,Brussel
4455,"(9.6, 10.2]",Quartair,Brussel
4455,"(10.2, 10.8]",Quartair,Brussel
4472,"(-0.001, 0.6]",Quartair,Quartair
4472,"(0.6, 1.2]",Quartair,Quartair
4472,"(1.2, 1.8]",Quartair,Quartair
4472,"(1.8, 2.4]",Quartair,Quartair
4472,"(2.4, 3.0]",Quartair,Quartair
4472,"(3.0, 3.6]",Quartair,Quartair
4472,"(3.6, 4.2]",Quartair,Quartair
4472,"(4.2, 4.8]",Quartair,Quartair
4472,"(4.8, 5.4]",Quartair,Quartair
4472,"(5.4, 6.0]",Quartair,Quartair
4472,"(6.0, 6.6]",Quartair,Quartair
4472,"(6.6, 7.2]",Quartair,Quartair
4472,"(7.2, 7.8]",Quartair,Quartair
4472,"(7.8, 8.4]",Quartair,Quartair
4472,"(8.4, 9.0]",Quartair,Quartair
4472,"(9.0, 9.6]",Quartair,Quartair
4472,"(9.6, 10.2]",Quartair,Quartair
4472,"(10.2, 10.8]",Quartair,Quartair
4472,"(10.8, 11.4]",Quartair,Quartair
4472,"(11.4, 12.0]",Quartair,Aalbeke
4472,"(12.0, 12.6]",Quartair,Aalbeke
4472,"(12.6, 13.2]",Quartair,Quartair
4472,"(13.2, 13.8]",Quartair,Quartair
4472,"(13.8, 14.4]",Quartair,Brussel
4472,"(14.4, 15.0]",Quartair,Quartair
4472,"(15.0, 15.6]",Quartair,Quartair
4472,"(15.6, 16.2]",Quartair,Brussel
4472,"(16.2, 16.8]",Quartair,Brussel
4472,"(16.8, 17.4]",Quartair,Brussel
4472,"(16.8, 17.4]",Mons_en_Pevele,Brussel
4472,"(17.4, 18.0]",Mons_en_Pevele,Mons_en_Pevele
4472,"(18.0, 18.6]",Mons_en_Pevele,Brussel
4472,"(18.6, 19.2]",Mons_en_Pevele,Mons_en_Pevele
4472,"(19.2, 19.8]",Mons_en_Pevele,Brussel
4472,"(19.8, 20.4]",Mons_en_Pevele,Brussel
4473,"(-0.001, 0.6]",Quartair,Brussel
4473,"(0.6, 1.2]",Quartair,Quartair
4473,"(1.2, 1.8]",Quartair,Brussel
4473,"(1.8, 2.4]",Quartair,Brussel
4473,"(2.4, 3.0]",Quartair,Brussel
4473,"(3.0, 3.6]",Quartair,Brussel
4473,"(3.6, 4.2]",Quartair,Brussel
4473,"(4.2, 4.8]",Quartair,Brussel
4473,"(4.8, 5.4]",Quartair,Brussel
4473,"(5.4, 6.0]",Quartair,Brussel
4473,"(6.0, 6.6]",Quartair,Brussel
4473,"(6.6, 7.2]",Quartair,Brussel
4473,"(7.2, 7.8]",Quartair,Brussel
4473,"(7.8, 8.4]",Quartair,Brussel
4473,"(8.4, 9.0]",Quartair,Brussel
4473,"(9.0, 9.6]",Quartair,Brussel
4473,"(9.6, 10.2]",Quartair,Brussel
4473,"(10.2, 10.8]",Quartair,Brussel
4473,"(10.8, 11.4]",Quartair,Brussel
4473,"(11.4, 12.0]",Quartair,Brussel
4473,"(12.0, 12.6]",Quartair,Quartair
4473,"(12.6, 13.2]",Quartair,Brussel
4473,"(13.2, 13.8]",Quartair,Brussel
4473,"(13.8, 14.4]",Quartair,Brussel
4473,"(14.4, 15.0]",Quartair,Brussel
4476,"(1.2, 1.8]",Brussel,Quartair
4476,"(1.8, 2.4]",Brussel,Brussel
4476,"(2.4, 3.0]",Brussel,Brussel
4476,"(3.0, 3.6]",Brussel,Brussel
4476,"(3.6, 4.2]",Brussel,Brussel
4476,"(4.2, 4.8]",Brussel,Brussel
4476,"(4.8, 5.4]",Brussel,Brussel
4476,"(5.4, 6.0]",Brussel,Brussel
4476,"(6.0, 6.6]",Brussel,Lede
4476,"(6.6, 7.2]",Brussel,Quartair
4476,"(7.2, 7.8]",Brussel,Lede
4476,"(7.8, 8.4]",Brussel,Lede
4476,"(8.4, 9.0]",Brussel,Lede
4476,"(9.0, 9.6]",Brussel,Quartair
4476,"(9.6, 10.2]",Brussel,Quartair
4476,"(10.2, 10.8]",Brussel,Lede
4476,"(10.8, 11.4]",Brussel,Quartair
4476,"(11.4, 12.0]",Brussel,Lede
4476,"(12.0, 12.6]",Brussel,Quartair
4476,"(12.6, 13.2]",Brussel,Mont_Panisel
4476,"(13.2, 13.8]",Brussel,Lede
4476,"(13.8, 14.4]",Brussel,Lede
4476,"(14.4, 15.0]",Brussel,Lede
4476,"(15.0, 15.6]",Brussel,Lede
4476,"(15.6, 16.2]",Brussel,Brussel
4476,"(16.2, 16.8]",Brussel,Brussel
4476,"(16.8, 17.4]",Brussel,Brussel
4476,"(17.4, 18.0]",Brussel,Brussel
4476,"(18.0, 18.6]",Brussel,Brussel
4476,"(18.6, 19.2]",Brussel,Brussel
4476,"(19.2, 19.8]",Brussel,Brussel
4476,"(19.8, 20.4]",Brussel,Brussel
4476,"(20.4, 21.0]",Brussel,Brussel
4476,"(21.0, 21.6]",Brussel,Mons_en_Pevele
4476,"(21.6, 22.2]",Brussel,Brussel
4476,"(22.2, 22.8]",Brussel,Mont_Panisel
4476,"(22.8, 23.4]",Brussel,Mons_en_Pevele
4476,"(23.4, 24.0]",Brussel,Mont_Panisel
4476,"(24.0, 24.6]",Brussel,Mont_Panisel
4476,"(24.6, 25.2]",Brussel,Mons_en_Pevele
4476,"(25.2, 25.8]",Brussel,Brussel
4476,"(25.8, 26.4]",Brussel,Brussel
4476,"(26.4, 27.0]",Brussel,Brussel
4476,"(27.0, 27.6]",Brussel,Brussel
4481,"(7.8, 8.4]",Ursel,Asse
4481,"(8.4, 9.0]",Ursel,Asse
4481,"(9.0, 9.6]",Ursel,Asse
4481,"(9.6, 10.2]",Ursel,Ursel
4481,"(10.2, 10.8]",Ursel,Ursel
4481,"(10.8, 11.4]",Ursel,Ursel
4481,"(11.4, 12.0]",Ursel,Asse
4481,"(11.4, 12.0]",Asse,Asse
4481,"(12.0, 12.6]",Asse,Asse
4481,"(12.6, 13.2]",Asse,Asse
4481,"(13.2, 13.8]",Asse,Wemmel
4481,"(13.8, 14.4]",Asse,Wemmel
4481,"(13.8, 14.4]",Wemmel,Wemmel
4481,"(14.4, 15.0]",Wemmel,Wemmel
4481,"(15.0, 15.6]",Wemmel,Wemmel
4481,"(15.6, 16.2]",Wemmel,Wemmel
4481,"(16.2, 16.8]",Wemmel,Wemmel
4481,"(16.8, 17.4]",Wemmel,Wemmel
4481,"(17.4, 18.0]",Wemmel,Lede
4481,"(17.4, 18.0]",Lede,Lede
4481,"(18.0, 18.6]",Lede,Lede
4481,"(18.6, 19.2]",Lede,Lede
4481,"(19.2, 19.8]",Lede,Lede
4481,"(19.8, 20.4]",Lede,Lede
4514,"(-0.001, 0.6]",Quartair,Quartair
4514,"(0.6, 1.2]",Quartair,Quartair
4514,"(1.2, 1.8]",Quartair,Quartair
4514,"(1.8, 2.4]",Quartair,Quartair
4514,"(2.4, 3.0]",Quartair,Quartair
4514,"(3.0, 3.6]",Quartair,Quartair
4514,"(3.6, 4.2]",Quartair,Quartair
4514,"(4.2, 4.8]",Quartair,Quartair
4514,"(4.8, 5.4]",Quartair,Quartair
4514,"(5.4, 6.0]",Quartair,Quartair
4514,"(5.4, 6.0]",Bolderberg,Quartair
4514,"(6.0, 6.6]",Bolderberg,Quartair
4514,"(6.6, 7.2]",Bolderberg,Quartair
4514,"(7.2, 7.8]",Bolderberg,Quartair
4514,"(7.8, 8.4]",Bolderberg,Quartair
4514,"(8.4, 9.0]",Bolderberg,Quartair
4514,"(9.0, 9.6]",Bolderberg,Quartair
4514,"(9.6, 10.2]",Bolderberg,Quartair
4514,"(10.2, 10.8]",Bolderberg,Quartair
4514,"(10.8, 11.4]",Bolderberg,Ursel
4514,"(11.4, 12.0]",Bolderberg,Ursel
4514,"(12.0, 12.6]",Bolderberg,Ursel
4514,"(12.6, 13.2]",Bolderberg,Ursel
4514,"(12.6, 13.2]",Ursel,Ursel
4514,"(13.2, 13.8]",Ursel,Ursel
4514,"(13.8, 14.4]",Ursel,Ursel
4514,"(14.4, 15.0]",Ursel,Ursel
4514,"(14.4, 15.0]",Asse,Ursel
4514,"(15.0, 15.6]",Asse,Asse
4514,"(15.6, 16.2]",Asse,Asse
4514,"(16.2, 16.8]",Asse,Asse
4514,"(16.8, 17.4]",Asse,Wemmel
4514,"(16.8, 17.4]",Wemmel,Wemmel
4514,"(17.4, 18.0]",Wemmel,Wemmel
4514,"(18.0, 18.6]",Wemmel,Wemmel
4514,"(18.6, 19.2]",Wemmel,Wemmel
4514,"(19.2, 19.8]",Wemmel,Lede
4514,"(19.8, 20.4]",Wemmel,Lede
4560,"(-0.001, 0.6]",Quartair,Quartair
4560,"(0.6, 1.2]",Quartair,Quartair
4560,"(1.2, 1.8]",Quartair,Quartair
4560,"(1.8, 2.4]",Quartair,Quartair
4560,"(2.4, 3.0]",Quartair,Quartair
4560,"(3.0, 3.6]",Quartair,Quartair
4560,"(3.6, 4.2]",Quartair,Quartair
4560,"(4.2, 4.8]",Quartair,Quartair
4560,"(4.8, 5.4]",Quartair,Quartair
4560,"(5.4, 6.0]",Quartair,Quartair
4560,"(6.0, 6.6]",Quartair,Quartair
4560,"(6.6, 7.2]",Quartair,Quartair
4560,"(7.2, 7.8]",Quartair,Quartair
4560,"(7.8, 8.4]",Quartair,Quartair
4560,"(8.4, 9.0]",Quartair,Quartair
4560,"(9.0, 9.6]",Quartair,Quartair
4560,"(9.6, 10.2]",Quartair,Quartair
4560,"(10.2, 10.8]",Quartair,Lede
4560,"(10.2, 10.8]",Lede,Lede
4560,"(10.8, 11.4]",Lede,Lede
4560,"(11.4, 12.0]",Lede,Lede
4560,"(12.0, 12.6]",Lede,Lede
4560,"(12.6, 13.2]",Lede,Lede
4560,"(13.2, 13.8]",Lede,Lede
4560,"(13.8, 14.4]",Lede,Lede
4560,"(14.4, 15.0]",Lede,Lede
4560,"(15.0, 15.6]",Lede,Lede
4560,"(15.0, 15.6]",Kwatrecht,Lede
4560,"(15.6, 16.2]",Kwatrecht,Mons_en_Pevele
4560,"(16.2, 16.8]",Kwatrecht,Mons_en_Pevele
4560,"(16.8, 17.4]",Kwatrecht,Mont_Panisel
4560,"(17.4, 18.0]",Kwatrecht,Mons_en_Pevele
4560,"(18.0, 18.6]",Mont_Panisel,Mons_en_Pevele
4560,"(18.6, 19.2]",Mont_Panisel,Mons_en_Pevele
4560,"(19.2, 19.8]",Mont_Panisel,Mons_en_Pevele
4560,"(19.8, 20.4]",Mont_Panisel,Mons_en_Pevele
4560,"(20.4, 21.0]",Mont_Panisel,Mons_en_Pevele
4560,"(21.0, 21.6]",Mont_Panisel,Mont_Panisel
4560,"(21.6, 22.2]",Mont_Panisel,Mont_Panisel
4560,"(22.2, 22.8]",Mont_Panisel,Mont_Panisel
4560,"(22.8, 23.4]",Mont_Panisel,Mont_Panisel
4560,"(23.4, 24.0]",Mont_Panisel,Mont_Panisel
4560,"(24.0, 24.6]",Mont_Panisel,Mont_Panisel
4560,"(24.6, 25.2]",Mont_Panisel,Mont_Panisel
4560,"(25.2, 25.8]",Mont_Panisel,Mont_Panisel
4560,"(25.8, 26.4]",Mont_Panisel,Mont_Panisel
4560,"(26.4, 27.0]",Mont_Panisel,Mont_Panisel
4560,"(27.0, 27.6]",Mont_Panisel,Mont_Panisel
4560,"(27.6, 28.2]",Mont_Panisel,Mont_Panisel
4560,"(28.2, 28.8]",Mont_Panisel,Mont_Panisel
4560,"(28.8, 29.4]",Mont_Panisel,Mont_Panisel
4560,"(29.4, 30.0]",Mont_Panisel,Mons_en_Pevele
4560,"(30.0, 30.6]",Mont_Panisel,Mons_en_Pevele
4582,"(1.2, 1.8]",Quartair,Quartair
4582,"(1.8, 2.4]",Quartair,Quartair
4582,"(2.4, 3.0]",Quartair,Quartair
4582,"(3.0, 3.6]",Quartair,Quartair
4582,"(3.6, 4.2]",Quartair,Quartair
4582,"(4.2, 4.8]",Quartair,Quartair
4582,"(4.8, 5.4]",Quartair,Quartair
4582,"(5.4, 6.0]",Quartair,Quartair
4582,"(6.0, 6.6]",Quartair,Quartair
4582,"(6.6, 7.2]",Quartair,Quartair
4582,"(7.2, 7.8]",Quartair,Quartair
4582,"(7.8, 8.4]",Quartair,Quartair
4582,"(8.4, 9.0]",Quartair,Quartair
4582,"(9.0, 9.6]",Quartair,Quartair
4582,"(9.6, 10.2]",Quartair,Quartair
4582,"(10.2, 10.8]",Quartair,Quartair
4582,"(10.8, 11.4]",Quartair,Quartair
4582,"(11.4, 12.0]",Quartair,Mons_en_Pevele
4582,"(12.0, 12.6]",Lede,Lede
4582,"(12.6, 13.2]",Lede,Lede
4582,"(13.2, 13.8]",Lede,Lede
4582,"(13.8, 14.4]",Lede,Lede
4582,"(14.4, 15.0]",Lede,Lede
4582,"(15.0, 15.6]",Lede,Lede
4582,"(15.0, 15.6]",Brussel,Lede
4582,"(15.6, 16.2]",Brussel,Lede
4582,"(16.2, 16.8]",Brussel,Mons_en_Pevele
4582,"(16.8, 17.4]",Brussel,Mons_en_Pevele
4582,"(17.4, 18.0]",Brussel,Mons_en_Pevele
4582,"(18.0, 18.6]",Brussel,Mons_en_Pevele
4582,"(18.6, 19.2]",Brussel,Mons_en_Pevele
4582,"(19.2, 19.8]",Brussel,Mons_en_Pevele
4582,"(19.2, 19.8]",Mont_Panisel,Mons_en_Pevele
4582,"(19.8, 20.4]",Mont_Panisel,Aalbeke
4582,"(20.4, 21.0]",Mont_Panisel,Mont_Panisel
4582,"(21.0, 21.6]",Mont_Panisel,Mont_Panisel
4582,"(21.6, 22.2]",Mont_Panisel,Mont_Panisel
4582,"(22.2, 22.8]",Mont_Panisel,Mont_Panisel
4582,"(22.8, 23.4]",Mont_Panisel,Mont_Panisel
4582,"(23.4, 24.0]",Mont_Panisel,Mont_Panisel
4582,"(24.0, 24.6]",Mont_Panisel,Mont_Panisel
4582,"(24.6, 25.2]",Mont_Panisel,Mont_Panisel
4582,"(25.2, 25.8]",Mont_Panisel,Mont_Panisel
4582,"(25.8, 26.4]",Mont_Panisel,Mont_Panisel
4582,"(26.4, 27.0]",Mont_Panisel,Mont_Panisel
4582,"(27.0, 27.6]",Mont_Panisel,Mont_Panisel
4582,"(27.6, 28.2]",Mont_Panisel,Aalbeke
4582,"(27.6, 28.2]",Aalbeke,Aalbeke
4582,"(28.2, 28.8]",Aalbeke,Aalbeke
4582,"(28.8, 29.4]",Aalbeke,Aalbeke
4582,"(29.4, 30.0]",Aalbeke,Aalbeke
4617,"(-0.001, 0.6]",Quartair,Quartair
4617,"(0.6, 1.2]",Quartair,Quartair
4617,"(1.2, 1.8]",Quartair,Quartair
4617,"(1.8, 2.4]",Quartair,Quartair
4617,"(2.4, 3.0]",Quartair,Quartair
4617,"(3.0, 3.6]",Quartair,Quartair
4617,"(3.6, 4.2]",Quartair,Quartair
4617,"(4.2, 4.8]",Quartair,Quartair
4617,"(4.8, 5.4]",Quartair,Quartair
4617,"(10.8, 11.4]",Lede,Lede
4617,"(11.4, 12.0]",Lede,Lede
4617,"(12.0, 12.6]",Lede,Lede
4617,"(12.6, 13.2]",Lede,Lede
4617,"(13.2, 13.8]",Lede,Lede
4617,"(13.8, 14.4]",Lede,Lede
4617,"(14.4, 15.0]",Lede,Lede
4617,"(15.0, 15.6]",Lede,Lede
4617,"(15.6, 16.2]",Lede,Lede
4617,"(16.2, 16.8]",Lede,Lede
4617,"(16.8, 17.4]",Lede,Lede
4617,"(16.8, 17.4]",Kwatrecht,Lede
4617,"(17.4, 18.0]",Kwatrecht,Kwatrecht
4617,"(18.0, 18.6]",Kwatrecht,Kwatrecht
4617,"(18.6, 19.2]",Kwatrecht,Kwatrecht
4617,"(19.2, 19.8]",Kwatrecht,Mont_Panisel
4617,"(19.2, 19.8]",Mont_Panisel,Mont_Panisel
4617,"(19.8, 20.4]",Mont_Panisel,Mont_Panisel
4617,"(20.4, 21.0]",Mont_Panisel,Mont_Panisel
4617,"(21.0, 21.6]",Mont_Panisel,Mont_Panisel
4617,"(21.6, 22.2]",Mont_Panisel,Mont_Panisel
4617,"(22.2, 22.8]",Mont_Panisel,Mont_Panisel
4617,"(22.8, 23.4]",Mont_Panisel,Mont_Panisel
4617,"(23.4, 24.0]",Mont_Panisel,Mont_Panisel
4617,"(24.0, 24.6]",Mont_Panisel,Mont_Panisel
4617,"(24.6, 25.2]",Mont_Panisel,Mont_Panisel
4617,"(25.2, 25.8]",Mont_Panisel,Mont_Panisel
4617,"(25.8, 26.4]",Mont_Panisel,Mont_Panisel
4617,"(26.4, 27.0]",Mont_Panisel,Mont_Panisel
4617,"(27.0, 27.6]",Mont_Panisel,Mont_Panisel
4617,"(27.6, 28.2]",Mont_Panisel,Mont_Panisel
4617,"(28.2, 28.8]",Mont_Panisel,Mont_Panisel
4617,"(28.8, 29.4]",Mont_Panisel,Mont_Panisel
4617,"(29.4, 30.0]",Mont_Panisel,Mont_Panisel
4617,"(30.0, 30.6]",Mont_Panisel,Mont_Panisel
4617,"(30.6, 31.2]",Mont_Panisel,Mont_Panisel
4617,"(31.2, 31.8]",Mont_Panisel,Mons_en_Pevele
4640,"(8.4, 9.0]",Asse,Quartair
4640,"(9.0, 9.6]",Asse,Asse
4640,"(9.6, 10.2]",Asse,Asse
4640,"(10.2, 10.8]",Asse,Asse
4640,"(10.8, 11.4]",Asse,Asse
4640,"(11.4, 12.0]",Asse,Asse
4640,"(12.0, 12.6]",Wemmel,Brussel
4640,"(12.6, 13.2]",Wemmel,Wemmel
4640,"(13.2, 13.8]",Wemmel,Brussel
4640,"(13.8, 14.4]",Wemmel,Lede
4640,"(18.0, 18.6]",Lede,Brussel
4640,"(18.6, 19.2]",Lede,Brussel
4640,"(19.2, 19.8]",Lede,Brussel
4640,"(19.8, 20.4]",Lede,Brussel
4640,"(20.4, 21.0]",Lede,Brussel
4640,"(21.0, 21.6]",Lede,Brussel
4640,"(21.6, 22.2]",Lede,Brussel
4640,"(22.2, 22.8]",Lede,Brussel
4640,"(22.8, 23.4]",Lede,Brussel
4640,"(23.4, 24.0]",Lede,Brussel
4640,"(24.0, 24.6]",Lede,Brussel
4640,"(24.6, 25.2]",Lede,Brussel
4643,"(9.0, 9.6]",Ursel,Aalbeke
4643,"(9.6, 10.2]",Ursel,Aalbeke
4643,"(10.2, 10.8]",Ursel,Aalbeke
4643,"(10.8, 11.4]",Ursel,Aalbeke
4643,"(11.4, 12.0]",Ursel,Aalbeke
4643,"(12.0, 12.6]",Ursel,Aalbeke
4643,"(12.6, 13.2]",Ursel,Aalbeke
4643,"(12.6, 13.2]",Asse,Aalbeke
4643,"(13.2, 13.8]",Asse,Mont_Panisel
4643,"(13.8, 14.4]",Asse,Aalbeke
4643,"(14.4, 15.0]",Asse,Aalbeke
4643,"(15.0, 15.6]",Asse,Aalbeke
4643,"(15.6, 16.2]",Asse,Aalbeke
4643,"(16.2, 16.8]",Asse,Mons_en_Pevele
4643,"(16.8, 17.4]",Asse,Mons_en_Pevele
4643,"(16.8, 17.4]",Wemmel,Mons_en_Pevele
4643,"(17.4, 18.0]",Wemmel,Mons_en_Pevele
4643,"(18.0, 18.6]",Wemmel,Lede
4643,"(18.6, 19.2]",Wemmel,Lede
4643,"(18.6, 19.2]",Lede,Lede
4643,"(19.2, 19.8]",Lede,Lede
4643,"(19.8, 20.4]",Lede,Lede
4643,"(20.4, 21.0]",Lede,Lede
4643,"(21.0, 21.6]",Lede,Lede
4643,"(21.6, 22.2]",Lede,Mons_en_Pevele
4643,"(22.2, 22.8]",Lede,Mons_en_Pevele
4643,"(22.8, 23.4]",Lede,Mons_en_Pevele
4643,"(23.4, 24.0]",Lede,Lede
4643,"(24.0, 24.6]",Lede,Lede
4643,"(24.6, 25.2]",Lede,Lede
4643,"(25.2, 25.8]",Lede,Lede
4643,"(25.8, 26.4]",Lede,Lede
4643,"(26.4, 27.0]",Lede,Lede
4643,"(27.0, 27.6]",Lede,Mons_en_Pevele
4643,"(27.6, 28.2]",Lede,Mons_en_Pevele
4643,"(28.2, 28.8]",Lede,Mons_en_Pevele
4648,"(-0.001, 0.6]",Quartair,Quartair
4648,"(0.6, 1.2]",Quartair,Quartair
4648,"(1.2, 1.8]",Quartair,Quartair
4648,"(1.8, 2.4]",Quartair,Quartair
4648,"(2.4, 3.0]",Quartair,Quartair
4648,"(3.0, 3.6]",Quartair,Quartair
4648,"(3.6, 4.2]",Quartair,Quartair
4648,"(4.2, 4.8]",Quartair,Quartair
4648,"(4.8, 5.4]",Quartair,Quartair
4648,"(4.8, 5.4]",Asse,Quartair
4648,"(5.4, 6.0]",Asse,Quartair
4648,"(6.0, 6.6]",Asse,Ursel
4648,"(6.6, 7.2]",Asse,Aalbeke
4648,"(7.2, 7.8]",Asse,Asse
4648,"(7.8, 8.4]",Asse,Asse
4648,"(8.4, 9.0]",Asse,Wemmel
4648,"(8.4, 9.0]",Wemmel,Wemmel
4648,"(9.0, 9.6]",Wemmel,Wemmel
4648,"(9.6, 10.2]",Wemmel,Wemmel
4648,"(10.2, 10.8]",Wemmel,Wemmel
4648,"(10.8, 11.4]",Wemmel,Wemmel
4648,"(11.4, 12.0]",Wemmel,Lede
4648,"(11.4, 12.0]",Lede,Lede
4648,"(12.0, 12.6]",Lede,Lede
4648,"(12.6, 13.2]",Lede,Lede
4648,"(13.2, 13.8]",Lede,Lede
4648,"(13.8, 14.4]",Lede,Lede
4648,"(14.4, 15.0]",Lede,Lede
4648,"(15.0, 15.6]",Lede,Lede
4648,"(15.6, 16.2]",Lede,Lede
4648,"(16.2, 16.8]",Lede,Lede
4648,"(16.8, 17.4]",Lede,Lede
4648,"(17.4, 18.0]",Lede,Lede
4648,"(18.0, 18.6]",Lede,Lede
4648,"(18.6, 19.2]",Lede,Lede
4648,"(19.2, 19.8]",Lede,Lede
4648,"(19.8, 20.4]",Lede,Lede
4648,"(20.4, 21.0]",Lede,Lede
4648,"(21.0, 21.6]",Lede,Lede
4648,"(21.6, 22.2]",Lede,Lede
4659,"(-0.001, 0.6]",Quartair,Quartair
4659,"(0.6, 1.2]",Quartair,Quartair
4659,"(1.2, 1.8]",Quartair,Quartair
4659,"(1.8, 2.4]",Quartair,Quartair
4659,"(2.4, 3.0]",Quartair,Quartair
4659,"(3.0, 3.6]",Quartair,Quartair
4659,"(3.6, 4.2]",Quartair,Quartair
4659,"(4.2, 4.8]",Quartair,Quartair
4659,"(4.8, 5.4]",Quartair,Quartair
4659,"(5.4, 6.0]",Quartair,Quartair
4659,"(6.0, 6.6]",Quartair,Brussel
4659,"(6.6, 7.2]",Quartair,Quartair
4659,"(7.2, 7.8]",Quartair,Quartair
4659,"(7.8, 8.4]",Quartair,Quartair
4659,"(8.4, 9.0]",Quartair,Quartair
4659,"(9.0, 9.6]",Quartair,Quartair
4659,"(9.6, 10.2]",Quartair,Quartair
4677,"(3.6, 4.2]",Ursel,Quartair
4677,"(4.2, 4.8]",Ursel,Ursel
4677,"(4.8, 5.4]",Ursel,Ursel
4677,"(5.4, 6.0]",Ursel,Ursel
4677,"(6.0, 6.6]",Ursel,Ursel
4677,"(6.6, 7.2]",Ursel,Ursel
4677,"(7.2, 7.8]",Ursel,Ursel
4677,"(7.2, 7.8]",Asse,Ursel
4677,"(7.8, 8.4]",Asse,Asse
4677,"(8.4, 9.0]",Asse,Asse
4677,"(9.0, 9.6]",Asse,Asse
4677,"(9.6, 10.2]",Asse,Asse
4677,"(10.2, 10.8]",Asse,Asse
4677,"(10.8, 11.4]",Asse,Asse
4677,"(10.8, 11.4]",Wemmel,Asse
4677,"(11.4, 12.0]",Wemmel,Wemmel
4677,"(12.0, 12.6]",Wemmel,Wemmel
4677,"(12.6, 13.2]",Wemmel,Lede
4677,"(13.2, 13.8]",Wemmel,Lede
4677,"(13.8, 14.4]",Wemmel,Lede
4677,"(13.8, 14.4]",Lede,Lede
4677,"(14.4, 15.0]",Lede,Lede
4677,"(15.0, 15.6]",Lede,Lede
4678,"(1.2, 1.8]",Bolderberg,Quartair
4678,"(1.8, 2.4]",Bolderberg,Quartair
4678,"(2.4, 3.0]",Bolderberg,Quartair
4678,"(3.0, 3.6]",Bolderberg,Quartair
4678,"(3.6, 4.2]",Bolderberg,Quartair
4678,"(4.2, 4.8]",Bolderberg,Ursel
4678,"(4.8, 5.4]",Bolderberg,Asse
4678,"(5.4, 6.0]",Bolderberg,Quartair
4678,"(6.0, 6.6]",Bolderberg,Quartair
4678,"(6.6, 7.2]",Bolderberg,Asse
4678,"(6.6, 7.2]",Ursel,Asse
4678,"(7.2, 7.8]",Ursel,Asse
4678,"(7.8, 8.4]",Ursel,Asse
4678,"(8.4, 9.0]",Ursel,Asse
4678,"(9.0, 9.6]",Asse,Asse
4678,"(9.6, 10.2]",Asse,Asse
4678,"(10.2, 10.8]",Asse,Asse
4678,"(10.8, 11.4]",Asse,Asse
4678,"(10.8, 11.4]",Wemmel,Asse
4678,"(11.4, 12.0]",Wemmel,Wemmel
4678,"(12.0, 12.6]",Wemmel,Lede
4678,"(12.6, 13.2]",Wemmel,Lede
4678,"(13.2, 13.8]",Wemmel,Lede
4678,"(13.8, 14.4]",Wemmel,Lede
4736,"(1.2, 1.8]",Quartair,Brussel
4736,"(1.8, 2.4]",Quartair,Brussel
4736,"(2.4, 3.0]",Quartair,Brussel
4736,"(3.0, 3.6]",Quartair,Brussel
4736,"(3.6, 4.2]",Quartair,Brussel
4736,"(4.2, 4.8]",Quartair,Brussel
4736,"(4.8, 5.4]",Quartair,Brussel
4736,"(5.4, 6.0]",Quartair,Quartair
4736,"(6.0, 6.6]",Quartair,Brussel
4736,"(6.6, 7.2]",Quartair,Quartair
4736,"(7.2, 7.8]",Quartair,Quartair
4736,"(7.8, 8.4]",Quartair,Quartair
4736,"(8.4, 9.0]",Quartair,Quartair
4736,"(9.0, 9.6]",Quartair,Quartair
4736,"(9.6, 10.2]",Quartair,Quartair
4736,"(10.2, 10.8]",Quartair,Quartair
4736,"(10.8, 11.4]",Quartair,Quartair
4736,"(11.4, 12.0]",Quartair,Quartair
4736,"(12.0, 12.6]",Quartair,Quartair
4736,"(12.6, 13.2]",Quartair,Brussel
4740,"(1.2, 1.8]",Quartair,Brussel
4740,"(1.8, 2.4]",Quartair,Brussel
4740,"(2.4, 3.0]",Quartair,Brussel
4740,"(3.0, 3.6]",Quartair,Brussel
4745,"(1.2, 1.8]",Quartair,Brussel
4745,"(1.8, 2.4]",Quartair,Quartair
4745,"(2.4, 3.0]",Quartair,Quartair
4745,"(3.0, 3.6]",Quartair,Quartair
4745,"(3.6, 4.2]",Quartair,Quartair
4745,"(4.2, 4.8]",Quartair,Quartair
4745,"(4.8, 5.4]",Quartair,Quartair
4745,"(5.4, 6.0]",Quartair,Quartair
4745,"(6.0, 6.6]",Quartair,Quartair
4745,"(6.6, 7.2]",Quartair,Quartair
4745,"(7.2, 7.8]",Quartair,Quartair
4745,"(7.8, 8.4]",Quartair,Quartair
4745,"(8.4, 9.0]",Quartair,Quartair
4745,"(9.0, 9.6]",Quartair,Brussel
4745,"(9.0, 9.6]",Brussel,Brussel
4745,"(9.6, 10.2]",Brussel,Brussel
4745,"(10.2, 10.8]",Brussel,Brussel
4745,"(10.8, 11.4]",Brussel,Brussel
4745,"(11.4, 12.0]",Brussel,Brussel
4745,"(12.0, 12.6]",Brussel,Brussel
4745,"(12.6, 13.2]",Brussel,Brussel
4745,"(13.2, 13.8]",Brussel,Brussel
4747,"(9.0, 9.6]",Brussel,Quartair
4747,"(9.6, 10.2]",Brussel,Quartair
4747,"(10.2, 10.8]",Brussel,Quartair
4768,"(1.2, 1.8]",Quartair,Brussel
4768,"(1.8, 2.4]",Quartair,Brussel
4768,"(2.4, 3.0]",Quartair,Quartair
4768,"(3.0, 3.6]",Quartair,Quartair
4768,"(3.6, 4.2]",Quartair,Quartair
4768,"(4.2, 4.8]",Quartair,Quartair
4768,"(4.8, 5.4]",Quartair,Brussel
4768,"(5.4, 6.0]",Quartair,Quartair
4768,"(6.0, 6.6]",Quartair,Brussel
4768,"(6.6, 7.2]",Quartair,Quartair
4768,"(7.2, 7.8]",Quartair,Quartair
4768,"(7.8, 8.4]",Quartair,Quartair
4768,"(8.4, 9.0]",Quartair,Quartair
4768,"(9.6, 10.2]",Quartair,Brussel
4768,"(10.2, 10.8]",Quartair,Brussel
4768,"(10.2, 10.8]",Brussel,Brussel
4768,"(10.8, 11.4]",Brussel,Brussel
4768,"(11.4, 12.0]",Brussel,Brussel
4772,"(1.2, 1.8]",Quartair,Quartair
4772,"(1.8, 2.4]",Quartair,Quartair
4772,"(2.4, 3.0]",Quartair,Quartair
4772,"(3.0, 3.6]",Quartair,Quartair
4772,"(3.6, 4.2]",Quartair,Quartair
4772,"(4.2, 4.8]",Quartair,Brussel
4772,"(4.8, 5.4]",Quartair,Quartair
4772,"(5.4, 6.0]",Quartair,Brussel
4772,"(6.0, 6.6]",Quartair,Brussel
4772,"(6.6, 7.2]",Quartair,Brussel
4772,"(7.2, 7.8]",Quartair,Brussel
4772,"(7.8, 8.4]",Quartair,Brussel
4772,"(8.4, 9.0]",Brussel,Brussel
4772,"(9.0, 9.6]",Brussel,Brussel
4772,"(9.6, 10.2]",Brussel,Brussel
4775,"(0.6, 1.2]",Quartair,Quartair
4775,"(1.2, 1.8]",Quartair,Quartair
4775,"(1.8, 2.4]",Quartair,Quartair
4775,"(2.4, 3.0]",Quartair,Quartair
4775,"(3.0, 3.6]",Quartair,Quartair
4775,"(3.6, 4.2]",Quartair,Quartair
4775,"(4.2, 4.8]",Quartair,Quartair
4775,"(4.8, 5.4]",Quartair,Quartair
4775,"(5.4, 6.0]",Quartair,Quartair
4775,"(6.0, 6.6]",Quartair,Ursel
4775,"(6.6, 7.2]",Quartair,Quartair
4775,"(7.2, 7.8]",Quartair,Quartair
4775,"(7.8, 8.4]",Quartair,Quartair
4775,"(8.4, 9.0]",Quartair,Quartair
4775,"(8.4, 9.0]",Brussel,Quartair
4775,"(9.0, 9.6]",Brussel,Brussel
4775,"(9.6, 10.2]",Brussel,Brussel
4775,"(10.2, 10.8]",Brussel,Brussel
4775,"(10.8, 11.4]",Brussel,Brussel
4776,"(0.6, 1.2]",Quartair,Quartair
4776,"(1.2, 1.8]",Quartair,Quartair
4776,"(1.8, 2.4]",Quartair,Quartair
4776,"(2.4, 3.0]",Quartair,Quartair
4776,"(3.0, 3.6]",Quartair,Quartair
4776,"(3.6, 4.2]",Quartair,Quartair
4776,"(4.2, 4.8]",Quartair,Quartair
4776,"(4.8, 5.4]",Quartair,Quartair
4776,"(5.4, 6.0]",Quartair,Quartair
4776,"(6.0, 6.6]",Quartair,Quartair
4776,"(6.6, 7.2]",Brussel,Brussel
4776,"(7.2, 7.8]",Brussel,Brussel
4776,"(7.8, 8.4]",Brussel,Brussel
4806,"(1.2, 1.8]",Quartair,Quartair
4806,"(1.8, 2.4]",Quartair,Quartair
4806,"(2.4, 3.0]",Quartair,Quartair
4806,"(3.0, 3.6]",Quartair,Quartair
4806,"(3.6, 4.2]",Quartair,Quartair
4806,"(3.6, 4.2]",Sint_Huibrechts_Hern,Quartair
4806,"(4.2, 4.8]",Sint_Huibrechts_Hern,Wemmel
4806,"(4.8, 5.4]",Sint_Huibrechts_Hern,Wemmel
4806,"(5.4, 6.0]",Sint_Huibrechts_Hern,Wemmel
4806,"(6.0, 6.6]",Sint_Huibrechts_Hern,Wemmel
4806,"(6.6, 7.2]",Sint_Huibrechts_Hern,Wemmel
4806,"(7.2, 7.8]",Sint_Huibrechts_Hern,Wemmel
4806,"(7.8, 8.4]",Sint_Huibrechts_Hern,Wemmel
4806,"(8.4, 9.0]",Sint_Huibrechts_Hern,Wemmel
4806,"(9.0, 9.6]",Sint_Huibrechts_Hern,Wemmel
4806,"(9.6, 10.2]",Sint_Huibrechts_Hern,Wemmel
4806,"(10.2, 10.8]",Sint_Huibrechts_Hern,Sint_Huibrechts_Hern
4806,"(10.8, 11.4]",Sint_Huibrechts_Hern,Sint_Huibrechts_Hern
4806,"(11.4, 12.0]",Sint_Huibrechts_Hern,Sint_Huibrechts_Hern
4806,"(12.0, 12.6]",Sint_Huibrechts_Hern,Wemmel
4806,"(12.6, 13.2]",Sint_Huibrechts_Hern,Wemmel
4806,"(12.6, 13.2]",Wemmel,Wemmel
4806,"(13.2, 13.8]",Wemmel,Wemmel
4806,"(13.8, 14.4]",Wemmel,Wemmel
4806,"(14.4, 15.0]",Wemmel,Wemmel
4806,"(15.0, 15.6]",Wemmel,Wemmel
4806,"(15.6, 16.2]",Wemmel,Wemmel
4806,"(16.2, 16.8]",Wemmel,Lede
4806,"(16.8, 17.4]",Wemmel,Wemmel
4806,"(17.4, 18.0]",Wemmel,Wemmel
4806,"(18.0, 18.6]",Wemmel,Lede
4806,"(18.0, 18.6]",Lede,Lede
4806,"(18.6, 19.2]",Lede,Lede
4806,"(19.2, 19.8]",Lede,Lede
4806,"(19.8, 20.4]",Lede,Lede
4806,"(20.4, 21.0]",Lede,Lede
4806,"(21.0, 21.6]",Lede,Lede
4806,"(21.6, 22.2]",Lede,Lede
4806,"(22.2, 22.8]",Lede,Lede
4806,"(22.8, 23.4]",Lede,Lede
4806,"(23.4, 24.0]",Lede,Lede
4806,"(24.0, 24.6]",Lede,Brussel
4806,"(24.6, 25.2]",Lede,Lede
4807,"(1.2, 1.8]",Quartair,Quartair
4807,"(1.8, 2.4]",Quartair,Quartair
4807,"(2.4, 3.0]",Quartair,Quartair
4807,"(3.0, 3.6]",Quartair,Quartair
4807,"(3.0, 3.6]",Sint_Huibrechts_Hern,Quartair
4807,"(3.6, 4.2]",Sint_Huibrechts_Hern,Wemmel
4807,"(4.2, 4.8]",Sint_Huibrechts_Hern,Wemmel
4807,"(4.8, 5.4]",Sint_Huibrechts_Hern,Wemmel
4807,"(5.4, 6.0]",Sint_Huibrechts_Hern,Wemmel
4807,"(6.0, 6.6]",Sint_Huibrechts_Hern,Wemmel
4807,"(6.6, 7.2]",Sint_Huibrechts_Hern,Wemmel
4807,"(7.2, 7.8]",Sint_Huibrechts_Hern,Wemmel
4807,"(7.8, 8.4]",Sint_Huibrechts_Hern,Wemmel
4807,"(8.4, 9.0]",Sint_Huibrechts_Hern,Sint_Huibrechts_Hern
4807,"(9.0, 9.6]",Sint_Huibrechts_Hern,Sint_Huibrechts_Hern
4807,"(9.6, 10.2]",Sint_Huibrechts_Hern,Sint_Huibrechts_Hern
4807,"(10.2, 10.8]",Sint_Huibrechts_Hern,Sint_Huibrechts_Hern
4807,"(10.8, 11.4]",Sint_Huibrechts_Hern,Sint_Huibrechts_Hern
4807,"(11.4, 12.0]",Sint_Huibrechts_Hern,Sint_Huibrechts_Hern
4807,"(12.0, 12.6]",Sint_Huibrechts_Hern,Wemmel
4807,"(12.6, 13.2]",Sint_Huibrechts_Hern,Wemmel
4807,"(12.6, 13.2]",Wemmel,Wemmel
4807,"(13.2, 13.8]",Wemmel,Wemmel
4807,"(13.8, 14.4]",Wemmel,Wemmel
4807,"(14.4, 15.0]",Wemmel,Wemmel
4807,"(15.0, 15.6]",Wemmel,Wemmel
4807,"(15.6, 16.2]",Wemmel,Wemmel
4807,"(16.2, 16.8]",Wemmel,Lede
4807,"(16.8, 17.4]",Wemmel,Wemmel
4807,"(17.4, 18.0]",Wemmel,Wemmel
4807,"(18.0, 18.6]",Lede,Lede
4807,"(18.6, 19.2]",Lede,Lede
4807,"(19.2, 19.8]",Lede,Lede
4807,"(19.8, 20.4]",Lede,Lede
4807,"(20.4, 21.0]",Lede,Lede
4807,"(21.0, 21.6]",Lede,Lede
4807,"(21.6, 22.2]",Lede,Brussel
4807,"(22.2, 22.8]",Lede,Lede
4807,"(22.8, 23.4]",Lede,Brussel
4807,"(23.4, 24.0]",Lede,Brussel
4807,"(24.0, 24.6]",Lede,Lede
4807,"(24.6, 25.2]",Lede,Lede
4811,"(1.2, 1.8]",Quartair,Quartair
4811,"(1.8, 2.4]",Quartair,Quartair
4811,"(2.4, 3.0]",Quartair,Quartair
4811,"(3.0, 3.6]",Quartair,Quartair
4811,"(3.6, 4.2]",Quartair,Quartair
4811,"(4.2, 4.8]",Quartair,Quartair
4811,"(4.8, 5.4]",Quartair,Quartair
4811,"(5.4, 6.0]",Quartair,Quartair
4811,"(6.0, 6.6]",Quartair,Ursel
4811,"(6.6, 7.2]",Quartair,Ursel
4811,"(7.2, 7.8]",Quartair,Sint_Huibrechts_Hern
4811,"(7.8, 8.4]",Quartair,Sint_Huibrechts_Hern
4811,"(8.4, 9.0]",Quartair,Sint_Huibrechts_Hern
4811,"(9.0, 9.6]",Quartair,Sint_Huibrechts_Hern
4811,"(9.6, 10.2]",Quartair,Sint_Huibrechts_Hern
4811,"(10.2, 10.8]",Quartair,Sint_Huibrechts_Hern
4811,"(10.8, 11.4]",Quartair,Sint_Huibrechts_Hern
4811,"(11.4, 12.0]",Wemmel,Wemmel
4811,"(12.0, 12.6]",Wemmel,Wemmel
4811,"(12.6, 13.2]",Wemmel,Wemmel
4811,"(13.2, 13.8]",Wemmel,Wemmel
4811,"(13.8, 14.4]",Wemmel,Wemmel
4811,"(14.4, 15.0]",Wemmel,Wemmel
4811,"(15.0, 15.6]",Lede,Lede
4811,"(15.6, 16.2]",Lede,Lede
4811,"(16.2, 16.8]",Lede,Lede
4811,"(16.8, 17.4]",Lede,Lede
4811,"(17.4, 18.0]",Lede,Lede
4811,"(18.0, 18.6]",Lede,Lede
4811,"(18.6, 19.2]",Lede,Lede
4811,"(19.2, 19.8]",Lede,Lede
4811,"(19.8, 20.4]",Lede,Lede
4811,"(20.4, 21.0]",Lede,Lede
4811,"(21.0, 21.6]",Lede,Lede
4811,"(21.6, 22.2]",Lede,Lede
4811,"(22.2, 22.8]",Lede,Lede
4811,"(22.8, 23.4]",Lede,Lede
4811,"(23.4, 24.0]",Lede,Lede
4811,"(24.0, 24.6]",Lede,Lede
4811,"(24.6, 25.2]",Lede,Lede
4814,"(-0.001, 0.6]",Quartair,Quartair
4814,"(0.6, 1.2]",Quartair,Quartair
4814,"(1.2, 1.8]",Quartair,Quartair
4814,"(1.8, 2.4]",Quartair,Quartair
4814,"(2.4, 3.0]",Quartair,Quartair
4814,"(3.0, 3.6]",Quartair,Quartair
4814,"(3.6, 4.2]",Quartair,Quartair
4814,"(4.2, 4.8]",Quartair,Quartair
4814,"(4.8, 5.4]",Quartair,Quartair
4814,"(5.4, 6.0]",Quartair,Quartair
4814,"(6.0, 6.6]",Quartair,Quartair
4814,"(6.6, 7.2]",Quartair,Quartair
4814,"(7.2, 7.8]",Quartair,Brussel
4814,"(7.2, 7.8]",Brussel,Brussel
4814,"(7.8, 8.4]",Brussel,Brussel
4814,"(8.4, 9.0]",Brussel,Brussel
4814,"(9.0, 9.6]",Brussel,Brussel
4814,"(9.6, 10.2]",Brussel,Brussel
4814,"(10.2, 10.8]",Brussel,Brussel
4814,"(10.8, 11.4]",Brussel,Brussel
4814,"(11.4, 12.0]",Brussel,Brussel
4814,"(12.0, 12.6]",Brussel,Brussel
4821,"(-0.001, 0.6]",Quartair,Quartair
4821,"(0.6, 1.2]",Quartair,Quartair
4821,"(1.2, 1.8]",Quartair,Quartair
4821,"(1.8, 2.4]",Quartair,Quartair
4821,"(2.4, 3.0]",Quartair,Quartair
4821,"(3.0, 3.6]",Quartair,Quartair
4821,"(3.6, 4.2]",Quartair,Quartair
4821,"(4.2, 4.8]",Quartair,Brussel
4821,"(4.8, 5.4]",Quartair,Quartair
4821,"(5.4, 6.0]",Quartair,Quartair
4821,"(6.0, 6.6]",Quartair,Quartair
4821,"(6.0, 6.6]",Brussel,Quartair
4821,"(6.6, 7.2]",Brussel,Brussel
4821,"(7.2, 7.8]",Brussel,Brussel
4821,"(7.8, 8.4]",Brussel,Brussel
4821,"(8.4, 9.0]",Brussel,Brussel
4821,"(9.0, 9.6]",Brussel,Brussel
4821,"(9.6, 10.2]",Brussel,Brussel
4828,"(-0.001, 0.6]",Quartair,Quartair
4828,"(0.6, 1.2]",Quartair,Quartair
4828,"(1.2, 1.8]",Quartair,Quartair
4828,"(1.8, 2.4]",Quartair,Quartair
4828,"(2.4, 3.0]",Quartair,Quartair
4828,"(3.0, 3.6]",Quartair,Quartair
4828,"(3.6, 4.2]",Quartair,Quartair
4828,"(4.2, 4.8]",Quartair,Quartair
4828,"(4.8, 5.4]",Quartair,Quartair
4828,"(5.4, 6.0]",Quartair,Quartair
4828,"(6.0, 6.6]",Quartair,Quartair
4828,"(6.0, 6.6]",Brussel,Quartair
4828,"(6.6, 7.2]",Brussel,Brussel
4828,"(7.2, 7.8]",Brussel,Brussel
4828,"(7.8, 8.4]",Brussel,Brussel
4828,"(8.4, 9.0]",Brussel,Brussel
4828,"(9.0, 9.6]",Brussel,Brussel
4828,"(9.6, 10.2]",Brussel,Brussel
4828,"(10.2, 10.8]",Brussel,Brussel
4828,"(10.8, 11.4]",Brussel,Brussel
4835,"(1.8, 2.4]",Quartair,Quartair
4835,"(2.4, 3.0]",Quartair,Quartair
4835,"(3.0, 3.6]",Quartair,Quartair
4835,"(3.6, 4.2]",Quartair,Quartair
4835,"(4.2, 4.8]",Quartair,Quartair
4835,"(4.8, 5.4]",Quartair,Quartair
4835,"(5.4, 6.0]",Quartair,Brussel
4835,"(5.4, 6.0]",Brussel,Brussel
4835,"(6.0, 6.6]",Brussel,Brussel
4858,"(1.2, 1.8]",Quartair,Quartair
4858,"(1.8, 2.4]",Quartair,Quartair
4858,"(2.4, 3.0]",Quartair,Quartair
4858,"(3.0, 3.6]",Quartair,Quartair
4858,"(3.6, 4.2]",Quartair,Quartair
4858,"(4.2, 4.8]",Quartair,Quartair
4858,"(4.8, 5.4]",Quartair,Quartair
4858,"(5.4, 6.0]",Quartair,Quartair
4858,"(6.0, 6.6]",Lede,Brussel
4858,"(6.6, 7.2]",Lede,Lede
4858,"(7.2, 7.8]",Lede,Lede
4858,"(7.8, 8.4]",Lede,Lede
4858,"(8.4, 9.0]",Lede,Lede
4858,"(9.0, 9.6]",Brussel,Brussel
4858,"(9.6, 10.2]",Brussel,Wemmel
4865,"(1.2, 1.8]",Quartair,Quartair
4865,"(1.8, 2.4]",Quartair,Quartair
4865,"(2.4, 3.0]",Quartair,Quartair
4865,"(3.0, 3.6]",Quartair,Quartair
4865,"(3.6, 4.2]",Quartair,Quartair
4865,"(4.2, 4.8]",Quartair,Quartair
4865,"(4.8, 5.4]",Quartair,Quartair
4865,"(5.4, 6.0]",Quartair,Quartair
4865,"(6.0, 6.6]",Quartair,Quartair
4865,"(6.6, 7.2]",Quartair,Quartair
4865,"(7.2, 7.8]",Quartair,Quartair
4865,"(7.8, 8.4]",Quartair,Quartair
4865,"(8.4, 9.0]",Quartair,Quartair
4865,"(9.0, 9.6]",Quartair,Quartair
4865,"(9.0, 9.6]",Brussel,Quartair
4865,"(9.6, 10.2]",Brussel,Quartair
4865,"(10.2, 10.8]",Brussel,Quartair
4865,"(10.8, 11.4]",Brussel,Brussel
4865,"(11.4, 12.0]",Brussel,Mons_en_Pevele
4865,"(12.0, 12.6]",Brussel,Quartair
4865,"(12.6, 13.2]",Brussel,Brussel
4865,"(13.2, 13.8]",Brussel,Mons_en_Pevele
4865,"(13.8, 14.4]",Brussel,Mons_en_Pevele
4865,"(14.4, 15.0]",Brussel,Mons_en_Pevele
4867,"(1.2, 1.8]",Brussel,Brussel
4867,"(1.8, 2.4]",Brussel,Brussel
4867,"(2.4, 3.0]",Brussel,Brussel
4867,"(3.0, 3.6]",Brussel,Brussel
4867,"(3.6, 4.2]",Brussel,Brussel
4867,"(4.2, 4.8]",Brussel,Brussel
4867,"(4.8, 5.4]",Brussel,Brussel
4867,"(5.4, 6.0]",Brussel,Brussel
4867,"(6.0, 6.6]",Brussel,Brussel
4867,"(6.6, 7.2]",Brussel,Brussel
4867,"(7.2, 7.8]",Brussel,Brussel
4867,"(7.8, 8.4]",Brussel,Brussel
4867,"(8.4, 9.0]",Brussel,Brussel
4867,"(9.0, 9.6]",Brussel,Brussel
4867,"(9.6, 10.2]",Brussel,Brussel
4869,"(1.2, 1.8]",Brussel,Brussel
4869,"(1.8, 2.4]",Brussel,Brussel
4869,"(2.4, 3.0]",Brussel,Brussel
4869,"(3.0, 3.6]",Brussel,Brussel
4869,"(3.6, 4.2]",Brussel,Brussel
4869,"(4.2, 4.8]",Brussel,Brussel
4869,"(4.8, 5.4]",Brussel,Brussel
4869,"(5.4, 6.0]",Brussel,Brussel
4869,"(6.0, 6.6]",Brussel,Brussel
4869,"(6.6, 7.2]",Brussel,Brussel
4869,"(7.2, 7.8]",Brussel,Brussel
4869,"(7.8, 8.4]",Brussel,Brussel
4869,"(8.4, 9.0]",Brussel,Brussel
4869,"(9.0, 9.6]",Brussel,Brussel
4869,"(9.6, 10.2]",Brussel,Brussel
4869,"(10.2, 10.8]",Brussel,Brussel
4869,"(10.8, 11.4]",Brussel,Brussel
4886,"(7.8, 8.4]",Brussel,Wemmel
4886,"(8.4, 9.0]",Brussel,Brussel
4886,"(9.0, 9.6]",Brussel,Brussel
4886,"(9.6, 10.2]",Brussel,Brussel
4886,"(10.2, 10.8]",Brussel,Brussel
4886,"(10.8, 11.4]",Brussel,Brussel
4886,"(11.4, 12.0]",Brussel,Brussel
4902,"(4.8, 5.4]",Brussel,Brussel
4902,"(5.4, 6.0]",Brussel,Brussel
4902,"(6.0, 6.6]",Brussel,Brussel
4902,"(6.6, 7.2]",Brussel,Brussel
4902,"(7.2, 7.8]",Brussel,Brussel
4902,"(7.8, 8.4]",Brussel,Brussel
4902,"(8.4, 9.0]",Brussel,Brussel
4902,"(9.0, 9.6]",Brussel,Brussel
4902,"(9.6, 10.2]",Brussel,Brussel
4902,"(10.2, 10.8]",Brussel,Brussel
4902,"(10.8, 11.4]",Brussel,Brussel
4910,"(5.4, 6.0]",Sint_Huibrechts_Hern,Quartair
4910,"(6.0, 6.6]",Sint_Huibrechts_Hern,Quartair
4910,"(6.6, 7.2]",Sint_Huibrechts_Hern,Quartair
4910,"(7.2, 7.8]",Sint_Huibrechts_Hern,Sint_Huibrechts_Hern
4910,"(7.8, 8.4]",Sint_Huibrechts_Hern,Sint_Huibrechts_Hern
4910,"(8.4, 9.0]",Wemmel,Wemmel
4910,"(9.0, 9.6]",Wemmel,Wemmel
4910,"(9.6, 10.2]",Wemmel,Wemmel
4910,"(10.2, 10.8]",Wemmel,Wemmel
4910,"(10.8, 11.4]",Wemmel,Wemmel
4910,"(11.4, 12.0]",Wemmel,Wemmel
4910,"(12.0, 12.6]",Wemmel,Wemmel
4910,"(12.6, 13.2]",Wemmel,Wemmel
4910,"(13.2, 13.8]",Wemmel,Wemmel
4910,"(13.2, 13.8]",Lede,Wemmel
4910,"(13.8, 14.4]",Lede,Lede
4910,"(14.4, 15.0]",Lede,Lede
4910,"(15.0, 15.6]",Lede,Lede
4910,"(15.6, 16.2]",Lede,Lede
4910,"(16.2, 16.8]",Lede,Lede
4910,"(16.8, 17.4]",Lede,Lede
4910,"(17.4, 18.0]",Lede,Lede
4910,"(18.0, 18.6]",Lede,Lede
4910,"(18.6, 19.2]",Lede,Lede
4910,"(19.2, 19.8]",Lede,Lede
4910,"(19.8, 20.4]",Lede,Wemmel
4916,"(9.0, 9.6]",Asse,Sint_Huibrechts_Hern
4916,"(9.6, 10.2]",Asse,Sint_Huibrechts_Hern
4916,"(10.2, 10.8]",Asse,Sint_Huibrechts_Hern
4916,"(10.8, 11.4]",Asse,Sint_Huibrechts_Hern
4916,"(11.4, 12.0]",Asse,Sint_Huibrechts_Hern
4916,"(12.0, 12.6]",Wemmel,Wemmel
4916,"(12.6, 13.2]",Wemmel,Wemmel
4916,"(13.2, 13.8]",Wemmel,Wemmel
4916,"(13.8, 14.4]",Wemmel,Wemmel
4916,"(14.4, 15.0]",Wemmel,Wemmel
4916,"(15.0, 15.6]",Wemmel,Wemmel
4916,"(15.6, 16.2]",Wemmel,Wemmel
4916,"(16.2, 16.8]",Wemmel,Wemmel
4916,"(16.8, 17.4]",Lede,Lede
4916,"(17.4, 18.0]",Lede,Lede
4916,"(18.0, 18.6]",Lede,Lede
4916,"(18.6, 19.2]",Lede,Lede
4916,"(19.2, 19.8]",Lede,Lede
4916,"(19.8, 20.4]",Lede,Lede
13001,"(1.2, 1.8]",Quartair,Quartair
13001,"(1.8, 2.4]",Quartair,Quartair
13001,"(2.4, 3.0]",Quartair,Quartair
13001,"(3.0, 3.6]",Quartair,Quartair
13001,"(3.0, 3.6]",Brussel,Quartair
13001,"(3.6, 4.2]",Brussel,Brussel
13001,"(4.2, 4.8]",Brussel,Brussel
13001,"(4.8, 5.4]",Brussel,Lede
13001,"(5.4, 6.0]",Brussel,Brussel
13001,"(6.0, 6.6]",Brussel,Brussel
13001,"(6.6, 7.2]",Brussel,Brussel
13001,"(7.2, 7.8]",Brussel,Brussel
13001,"(7.8, 8.4]",Brussel,Quartair
13001,"(8.4, 9.0]",Brussel,Quartair
13001,"(9.0, 9.6]",Brussel,Quartair
13001,"(9.6, 10.2]",Brussel,Quartair
13001,"(10.2, 10.8]",Brussel,Brussel
13001,"(10.8, 11.4]",Brussel,Brussel
13001,"(11.4, 12.0]",Brussel,Brussel
13001,"(12.0, 12.6]",Brussel,Brussel
13001,"(12.6, 13.2]",Brussel,Brussel
13001,"(13.2, 13.8]",Brussel,Brussel
13001,"(13.8, 14.4]",Brussel,Brussel
13001,"(14.4, 15.0]",Brussel,Brussel
13001,"(15.0, 15.6]",Brussel,Brussel
13001,"(15.6, 16.2]",Brussel,Brussel
13001,"(16.2, 16.8]",Brussel,Brussel
13001,"(16.8, 17.4]",Brussel,Brussel
13001,"(17.4, 18.0]",Brussel,Brussel
13001,"(18.0, 18.6]",Brussel,Brussel
13001,"(18.6, 19.2]",Brussel,Brussel
13001,"(19.2, 19.8]",Brussel,Brussel
13001,"(19.8, 20.4]",Brussel,Brussel
13001,"(20.4, 21.0]",Brussel,Brussel
13001,"(21.0, 21.6]",Brussel,Brussel
13001,"(21.6, 22.2]",Brussel,Brussel
13001,"(22.2, 22.8]",Brussel,Brussel
13001,"(22.8, 23.4]",Brussel,Brussel
13001,"(23.4, 24.0]",Brussel,Brussel
13001,"(24.0, 24.6]",Brussel,Brussel
13001,"(24.6, 25.2]",Brussel,Brussel
13001,"(25.2, 25.8]",Brussel,Brussel
13001,"(25.8, 26.4]",Brussel,Brussel
13001,"(26.4, 27.0]",Brussel,Brussel
13001,"(27.0, 27.6]",Brussel,Brussel
13001,"(27.6, 28.2]",Brussel,Brussel
13001,"(28.2, 28.8]",Brussel,Brussel
13001,"(28.8, 29.4]",Brussel,Brussel
13001,"(29.4, 30.0]",Brussel,Brussel
13001,"(30.0, 30.6]",Brussel,Brussel
13001,"(30.6, 31.2]",Brussel,Brussel
13001,"(31.2, 31.8]",Brussel,Brussel
13001,"(31.8, 32.4]",Brussel,Brussel
13001,"(32.4, 33.0]",Brussel,Brussel
13001,"(33.0, 33.6]",Brussel,Brussel
13001,"(33.6, 34.2]",Brussel,Brussel
13001,"(34.2, 34.8]",Brussel,Brussel
13001,"(34.8, 35.4]",Brussel,Brussel
13066,"(1.2, 1.8]",Lede,Quartair
13066,"(1.8, 2.4]",Lede,Quartair
13066,"(2.4, 3.0]",Lede,Quartair
13066,"(3.0, 3.6]",Brussel,Brussel
13066,"(3.6, 4.2]",Brussel,Brussel
13066,"(4.2, 4.8]",Brussel,Brussel
13066,"(4.8, 5.4]",Brussel,Brussel
13066,"(5.4, 6.0]",Brussel,Brussel
13066,"(6.0, 6.6]",Brussel,Brussel
13066,"(6.6, 7.2]",Brussel,Quartair
13066,"(7.2, 7.8]",Brussel,Brussel
13066,"(7.8, 8.4]",Brussel,Brussel
13066,"(8.4, 9.0]",Brussel,Brussel
13066,"(9.0, 9.6]",Brussel,Brussel
13066,"(9.6, 10.2]",Brussel,Brussel
13066,"(10.2, 10.8]",Brussel,Brussel
13066,"(10.8, 11.4]",Brussel,Brussel
13066,"(11.4, 12.0]",Brussel,Brussel
13066,"(12.0, 12.6]",Brussel,Brussel
13066,"(12.6, 13.2]",Brussel,Brussel
13066,"(13.2, 13.8]",Brussel,Brussel
13066,"(13.8, 14.4]",Brussel,Brussel
13066,"(14.4, 15.0]",Brussel,Brussel
13066,"(15.0, 15.6]",Brussel,Brussel
13066,"(15.6, 16.2]",Brussel,Brussel
13066,"(16.2, 16.8]",Brussel,Brussel
13066,"(16.8, 17.4]",Brussel,Brussel
13066,"(17.4, 18.0]",Brussel,Brussel
13066,"(18.0, 18.6]",Brussel,Brussel
13066,"(18.6, 19.2]",Brussel,Brussel
13066,"(19.2, 19.8]",Brussel,Brussel
13066,"(19.8, 20.4]",Brussel,Brussel
13091,"(-0.001, 0.6]",Quartair,Quartair
13091,"(0.6, 1.2]",Quartair,Quartair
13091,"(1.2, 1.8]",Quartair,Quartair
13091,"(1.8, 2.4]",Quartair,Quartair
13091,"(2.4, 3.0]",Quartair,Quartair
13091,"(3.0, 3.6]",Quartair,Quartair
13091,"(3.6, 4.2]",Quartair,Quartair
13091,"(4.2, 4.8]",Quartair,Quartair
13091,"(4.8, 5.4]",Quartair,Quartair
13091,"(5.4, 6.0]",Quartair,Quartair
13091,"(6.0, 6.6]",Quartair,Quartair
13091,"(6.6, 7.2]",Quartair,Quartair
13091,"(7.2, 7.8]",Quartair,Quartair
13091,"(7.8, 8.4]",Quartair,Quartair
13091,"(8.4, 9.0]",Quartair,Quartair
13091,"(9.0, 9.6]",Quartair,Quartair
13091,"(9.6, 10.2]",Quartair,Lede
13091,"(9.6, 10.2]",Brussel,Lede
13091,"(10.2, 10.8]",Brussel,Brussel
13091,"(10.8, 11.4]",Brussel,Lede
13091,"(11.4, 12.0]",Brussel,Lede
13091,"(12.0, 12.6]",Brussel,Brussel
13091,"(12.6, 13.2]",Brussel,Brussel
13091,"(13.2, 13.8]",Brussel,Brussel
13091,"(13.8, 14.4]",Brussel,Brussel
13091,"(14.4, 15.0]",Brussel,Brussel
13091,"(15.0, 15.6]",Brussel,Brussel
13091,"(15.6, 16.2]",Brussel,Brussel
13091,"(16.2, 16.8]",Brussel,Brussel
13091,"(16.8, 17.4]",Brussel,Brussel
13091,"(17.4, 18.0]",Brussel,Brussel
13091,"(18.0, 18.6]",Brussel,Brussel
13091,"(18.6, 19.2]",Brussel,Lede
13091,"(19.2, 19.8]",Brussel,Brussel
13091,"(19.8, 20.4]",Brussel,Brussel
13095,"(-0.001, 0.6]",Quartair,Quartair
13095,"(0.6, 1.2]",Quartair,Quartair
13095,"(1.2, 1.8]",Quartair,Quartair
13095,"(1.8, 2.4]",Quartair,Quartair
13095,"(2.4, 3.0]",Quartair,Quartair
13095,"(3.0, 3.6]",Quartair,Quartair
13095,"(3.6, 4.2]",Quartair,Quartair
13095,"(4.2, 4.8]",Quartair,Quartair
13095,"(4.8, 5.4]",Quartair,Quartair
13095,"(5.4, 6.0]",Quartair,Quartair
13095,"(6.0, 6.6]",Quartair,Quartair
13095,"(6.6, 7.2]",Quartair,Quartair
13095,"(7.2, 7.8]",Quartair,Brussel
13095,"(7.8, 8.4]",Quartair,Brussel
13095,"(8.4, 9.0]",Quartair,Lede
13095,"(9.0, 9.6]",Quartair,Brussel
13095,"(9.0, 9.6]",Brussel,Brussel
13095,"(9.6, 10.2]",Brussel,Brussel
13095,"(10.2, 10.8]",Brussel,Brussel
13095,"(10.8, 11.4]",Brussel,Lede
13095,"(11.4, 12.0]",Brussel,Brussel
13095,"(12.0, 12.6]",Brussel,Brussel
13095,"(12.6, 13.2]",Brussel,Brussel
13095,"(13.2, 13.8]",Brussel,Brussel
13095,"(13.8, 14.4]",Brussel,Brussel
13095,"(14.4, 15.0]",Brussel,Brussel
13095,"(15.0, 15.6]",Brussel,Brussel
13095,"(15.6, 16.2]",Brussel,Brussel
13095,"(16.2, 16.8]",Brussel,Brussel
13095,"(16.8, 17.4]",Brussel,Brussel
13095,"(17.4, 18.0]",Brussel,Brussel
13095,"(18.0, 18.6]",Brussel,Brussel
13095,"(18.6, 19.2]",Brussel,Brussel
13095,"(19.2, 19.8]",Brussel,Brussel
13095,"(19.8, 20.4]",Brussel,Brussel
13105,"(-0.001, 0.6]",Quartair,Quartair
13105,"(0.6, 1.2]",Quartair,Quartair
13105,"(1.2, 1.8]",Quartair,Quartair
13105,"(1.8, 2.4]",Quartair,Quartair
13105,"(2.4, 3.0]",Quartair,Quartair
13105,"(3.0, 3.6]",Quartair,Quartair
13105,"(3.6, 4.2]",Quartair,Quartair
13105,"(4.2, 4.8]",Quartair,Quartair
13105,"(4.8, 5.4]",Quartair,Quartair
13110,"(1.2, 1.8]",Aalbeke,Quartair
13110,"(1.8, 2.4]",Aalbeke,Quartair
13110,"(2.4, 3.0]",Aalbeke,Quartair
13110,"(3.0, 3.6]",Mons_en_Pevele,Quartair
13110,"(3.6, 4.2]",Mons_en_Pevele,Lede
13110,"(4.2, 4.8]",Mons_en_Pevele,Lede
13110,"(4.8, 5.4]",Mons_en_Pevele,Lede
13110,"(5.4, 6.0]",Mons_en_Pevele,Lede
13110,"(6.0, 6.6]",Mons_en_Pevele,Lede
13110,"(6.6, 7.2]",Mons_en_Pevele,Mons_en_Pevele
13110,"(7.2, 7.8]",Mons_en_Pevele,Mons_en_Pevele
13110,"(7.8, 8.4]",Mons_en_Pevele,Lede
13110,"(8.4, 9.0]",Mons_en_Pevele,Lede
13110,"(9.0, 9.6]",Mons_en_Pevele,Quartair
13110,"(9.6, 10.2]",Mons_en_Pevele,Mont_Panisel
13110,"(10.2, 10.8]",Mons_en_Pevele,Quartair
13110,"(10.8, 11.4]",Mons_en_Pevele,Mont_Panisel
13110,"(11.4, 12.0]",Mons_en_Pevele,Mont_Panisel
13110,"(12.0, 12.6]",Mons_en_Pevele,Lede
13110,"(12.6, 13.2]",Mons_en_Pevele,Mons_en_Pevele
13110,"(13.2, 13.8]",Mons_en_Pevele,Mons_en_Pevele
13110,"(13.8, 14.4]",Mons_en_Pevele,Mons_en_Pevele
13110,"(14.4, 15.0]",Mons_en_Pevele,Mons_en_Pevele
13110,"(15.0, 15.6]",Mons_en_Pevele,Mons_en_Pevele
13110,"(15.6, 16.2]",Mons_en_Pevele,Lede
13110,"(16.2, 16.8]",Mons_en_Pevele,Mons_en_Pevele
13110,"(16.8, 17.4]",Mons_en_Pevele,Mons_en_Pevele
13110,"(17.4, 18.0]",Mons_en_Pevele,Mons_en_Pevele
13110,"(18.0, 18.6]",Mons_en_Pevele,Mons_en_Pevele
13110,"(18.6, 19.2]",Mons_en_Pevele,Mons_en_Pevele
13110,"(19.2, 19.8]",Mons_en_Pevele,Mons_en_Pevele
13110,"(19.8, 20.4]",Mons_en_Pevele,Mons_en_Pevele
13110,"(20.4, 21.0]",Mons_en_Pevele,Mons_en_Pevele
13110,"(21.0, 21.6]",Mons_en_Pevele,Mons_en_Pevele
13110,"(21.6, 22.2]",Mons_en_Pevele,Mons_en_Pevele
13110,"(22.2, 22.8]",Mons_en_Pevele,Mons_en_Pevele
13110,"(22.8, 23.4]",Mons_en_Pevele,Mons_en_Pevele
13110,"(23.4, 24.0]",Mons_en_Pevele,Mons_en_Pevele
13110,"(24.0, 24.6]",Mons_en_Pevele,Mons_en_Pevele
13110,"(24.6, 25.2]",Mons_en_Pevele,Mons_en_Pevele
13110,"(25.2, 25.8]",Mons_en_Pevele,Mons_en_Pevele
13110,"(25.8, 26.4]",Mons_en_Pevele,Mons_en_Pevele
13138,"(9.0, 9.6]",Brussel,Brussel
13138,"(9.6, 10.2]",Brussel,Brussel
13138,"(10.2, 10.8]",Brussel,Brussel
13138,"(10.8, 11.4]",Brussel,Brussel
13138,"(11.4, 12.0]",Brussel,Brussel
13138,"(12.0, 12.6]",Brussel,Brussel
13138,"(12.6, 13.2]",Brussel,Brussel
13138,"(13.2, 13.8]",Brussel,Brussel
13138,"(13.8, 14.4]",Brussel,Brussel
13138,"(14.4, 15.0]",Brussel,Brussel
13138,"(15.0, 15.6]",Brussel,Brussel
13138,"(15.6, 16.2]",Brussel,Brussel
13138,"(16.2, 16.8]",Brussel,Brussel
13138,"(16.8, 17.4]",Brussel,Brussel
13138,"(17.4, 18.0]",Brussel,Brussel
13138,"(18.0, 18.6]",Brussel,Brussel
13138,"(18.6, 19.2]",Brussel,Brussel
13138,"(19.2, 19.8]",Brussel,Brussel
13138,"(19.8, 20.4]",Brussel,Brussel
13143,"(1.2, 1.8]",Brussel,Brussel
13143,"(1.8, 2.4]",Brussel,Brussel
13143,"(2.4, 3.0]",Brussel,Brussel
13143,"(3.0, 3.6]",Brussel,Brussel
13143,"(3.6, 4.2]",Brussel,Brussel
13143,"(4.2, 4.8]",Brussel,Brussel
13143,"(4.8, 5.4]",Brussel,Brussel
13143,"(5.4, 6.0]",Brussel,Brussel
13143,"(6.0, 6.6]",Brussel,Brussel
13143,"(6.6, 7.2]",Brussel,Brussel
13143,"(7.2, 7.8]",Brussel,Brussel
13143,"(7.8, 8.4]",Brussel,Brussel
13143,"(8.4, 9.0]",Brussel,Brussel
13143,"(9.0, 9.6]",Brussel,Brussel
13143,"(9.6, 10.2]",Brussel,Brussel
13143,"(10.2, 10.8]",Brussel,Brussel
13143,"(10.8, 11.4]",Brussel,Brussel
13143,"(11.4, 12.0]",Brussel,Brussel
13143,"(12.0, 12.6]",Brussel,Brussel
13143,"(12.6, 13.2]",Brussel,Brussel
13143,"(13.2, 13.8]",Brussel,Brussel
13143,"(13.8, 14.4]",Brussel,Brussel
13143,"(13.8, 14.4]",Mons_en_Pevele,Brussel
13143,"(14.4, 15.0]",Mons_en_Pevele,Mons_en_Pevele
13143,"(15.0, 15.6]",Mons_en_Pevele,Brussel
13143,"(15.6, 16.2]",Mons_en_Pevele,Brussel
13143,"(16.2, 16.8]",Mons_en_Pevele,Mons_en_Pevele
13143,"(16.8, 17.4]",Mons_en_Pevele,Kwatrecht
13143,"(17.4, 18.0]",Mons_en_Pevele,Mons_en_Pevele
13143,"(18.0, 18.6]",Mons_en_Pevele,Brussel
13143,"(18.6, 19.2]",Mons_en_Pevele,Brussel
13143,"(19.2, 19.8]",Mons_en_Pevele,Mons_en_Pevele
13143,"(19.8, 20.4]",Mons_en_Pevele,Mons_en_Pevele
13159,"(1.2, 1.8]",Quartair,Quartair
13159,"(1.8, 2.4]",Quartair,Quartair
13159,"(2.4, 3.0]",Quartair,Quartair
13159,"(3.0, 3.6]",Quartair,Quartair
13159,"(3.6, 4.2]",Quartair,Quartair
13159,"(4.2, 4.8]",Quartair,Quartair
13159,"(4.8, 5.4]",Quartair,Quartair
13159,"(5.4, 6.0]",Quartair,Quartair
13159,"(6.0, 6.6]",Quartair,Quartair
13159,"(6.6, 7.2]",Quartair,Quartair
13159,"(7.2, 7.8]",Quartair,Quartair
13159,"(7.8, 8.4]",Quartair,Quartair
13159,"(8.4, 9.0]",Quartair,Quartair
13159,"(9.0, 9.6]",Quartair,Quartair
13159,"(9.6, 10.2]",Quartair,Quartair
13159,"(10.2, 10.8]",Quartair,Quartair
13159,"(10.8, 11.4]",Quartair,Quartair
13159,"(11.4, 12.0]",Quartair,Quartair
13159,"(12.0, 12.6]",Quartair,Lede
13159,"(12.6, 13.2]",Quartair,Quartair
13159,"(13.2, 13.8]",Quartair,Quartair
13159,"(13.8, 14.4]",Quartair,Mont_Panisel
13159,"(13.8, 14.4]",Mons_en_Pevele,Mont_Panisel
13159,"(14.4, 15.0]",Mons_en_Pevele,Kwatrecht
13159,"(15.0, 15.6]",Mons_en_Pevele,Kwatrecht
13159,"(15.6, 16.2]",Mons_en_Pevele,Kwatrecht
13159,"(16.2, 16.8]",Mons_en_Pevele,Kwatrecht
13159,"(16.8, 17.4]",Mons_en_Pevele,Kwatrecht
13159,"(17.4, 18.0]",Mons_en_Pevele,Kwatrecht
13159,"(18.0, 18.6]",Mons_en_Pevele,Mont_Panisel
13159,"(18.6, 19.2]",Mons_en_Pevele,Kwatrecht
13159,"(19.2, 19.8]",Mons_en_Pevele,Kwatrecht
13159,"(19.8, 20.4]",Mons_en_Pevele,Kwatrecht
13159,"(20.4, 21.0]",Mons_en_Pevele,Mont_Panisel
13159,"(21.0, 21.6]",Mons_en_Pevele,Mont_Panisel
13159,"(21.6, 22.2]",Mons_en_Pevele,Mont_Panisel
13159,"(22.2, 22.8]",Mons_en_Pevele,Mont_Panisel
13159,"(22.8, 23.4]",Mons_en_Pevele,Mons_en_Pevele
13159,"(23.4, 24.0]",Mons_en_Pevele,Brussel
13159,"(24.0, 24.6]",Mons_en_Pevele,Brussel
13159,"(24.6, 25.2]",Mons_en_Pevele,Mons_en_Pevele
13166,"(1.2, 1.8]",Quartair,Quartair
13166,"(1.8, 2.4]",Quartair,Quartair
13166,"(1.8, 2.4]",Lede,Quartair
13166,"(2.4, 3.0]",Lede,Quartair
13166,"(3.0, 3.6]",Lede,Quartair
13166,"(3.6, 4.2]",Lede,Quartair
13166,"(4.2, 4.8]",Lede,Lede
13166,"(4.8, 5.4]",Lede,Lede
13166,"(4.8, 5.4]",Mont_Panisel,Lede
13166,"(5.4, 6.0]",Mont_Panisel,Mont_Panisel
13166,"(6.0, 6.6]",Mont_Panisel,Mont_Panisel
13166,"(6.6, 7.2]",Mont_Panisel,Mont_Panisel
13166,"(7.2, 7.8]",Mont_Panisel,Wemmel
13166,"(7.8, 8.4]",Mont_Panisel,Mont_Panisel
13166,"(8.4, 9.0]",Mont_Panisel,Mont_Panisel
13166,"(9.0, 9.6]",Mont_Panisel,Mont_Panisel
13166,"(9.6, 10.2]",Mont_Panisel,Mont_Panisel
13166,"(10.2, 10.8]",Mont_Panisel,Mont_Panisel
13166,"(10.8, 11.4]",Mont_Panisel,Mont_Panisel
13166,"(11.4, 12.0]",Mont_Panisel,Mont_Panisel
13166,"(12.0, 12.6]",Mont_Panisel,Mont_Panisel
13166,"(12.6, 13.2]",Mont_Panisel,Mont_Panisel
13166,"(13.2, 13.8]",Mont_Panisel,Mont_Panisel
13166,"(13.8, 14.4]",Mont_Panisel,Mont_Panisel
13166,"(13.8, 14.4]",Aalbeke,Mont_Panisel
13166,"(14.4, 15.0]",Aalbeke,Aalbeke
13166,"(15.0, 15.6]",Aalbeke,Aalbeke
13166,"(15.6, 16.2]",Aalbeke,Aalbeke
13166,"(16.2, 16.8]",Aalbeke,Mont_Panisel
13166,"(16.8, 17.4]",Aalbeke,Aalbeke
13166,"(17.4, 18.0]",Aalbeke,Aalbeke
13166,"(18.0, 18.6]",Aalbeke,Aalbeke
13166,"(18.6, 19.2]",Aalbeke,Mons_en_Pevele
13166,"(19.2, 19.8]",Aalbeke,Mons_en_Pevele
13166,"(19.2, 19.8]",Mons_en_Pevele,Mons_en_Pevele
13166,"(19.8, 20.4]",Mons_en_Pevele,Mons_en_Pevele
13180,"(0.6, 1.2]",Quartair,Quartair
13180,"(1.2, 1.8]",Quartair,Quartair
13180,"(1.8, 2.4]",Quartair,Quartair
13180,"(2.4, 3.0]",Quartair,Quartair
13180,"(3.0, 3.6]",Quartair,Quartair
13180,"(3.6, 4.2]",Quartair,Quartair
13180,"(3.6, 4.2]",Lede,Quartair
13180,"(4.2, 4.8]",Lede,Quartair
13180,"(4.8, 5.4]",Lede,Lede
13180,"(5.4, 6.0]",Lede,Quartair
13180,"(6.0, 6.6]",Lede,Quartair
13180,"(6.0, 6.6]",Mont_Panisel,Quartair
13180,"(6.6, 7.2]",Mont_Panisel,Mont_Panisel
13180,"(7.2, 7.8]",Mont_Panisel,Mont_Panisel
13180,"(7.8, 8.4]",Mont_Panisel,Quartair
13180,"(8.4, 9.0]",Mont_Panisel,Wemmel
13180,"(9.0, 9.6]",Mont_Panisel,Wemmel
13180,"(9.6, 10.2]",Mont_Panisel,Wemmel
13180,"(10.2, 10.8]",Mont_Panisel,Mont_Panisel
13180,"(10.8, 11.4]",Mont_Panisel,Ursel
13180,"(11.4, 12.0]",Mont_Panisel,Mont_Panisel
13180,"(12.0, 12.6]",Mont_Panisel,Mont_Panisel
13180,"(12.6, 13.2]",Mont_Panisel,Aalbeke
13180,"(12.6, 13.2]",Aalbeke,Aalbeke
13180,"(13.2, 13.8]",Aalbeke,Aalbeke
13180,"(13.8, 14.4]",Aalbeke,Aalbeke
13180,"(14.4, 15.0]",Aalbeke,Aalbeke
13180,"(15.0, 15.6]",Aalbeke,Aalbeke
13180,"(15.6, 16.2]",Aalbeke,Aalbeke
13180,"(16.2, 16.8]",Aalbeke,Aalbeke
13180,"(16.8, 17.4]",Aalbeke,Wemmel
13180,"(17.4, 18.0]",Aalbeke,Mons_en_Pevele
13180,"(17.4, 18.0]",Mons_en_Pevele,Mons_en_Pevele
13180,"(18.0, 18.6]",Mons_en_Pevele,Mons_en_Pevele
13180,"(18.6, 19.2]",Mons_en_Pevele,Mons_en_Pevele
13180,"(19.2, 19.8]",Mons_en_Pevele,Mons_en_Pevele
13267,"(0.6, 1.2]",Quartair,Quartair
13267,"(1.2, 1.8]",Quartair,Quartair
13267,"(1.8, 2.4]",Quartair,Quartair
13267,"(2.4, 3.0]",Quartair,Quartair
13267,"(3.0, 3.6]",Quartair,Quartair
13267,"(3.6, 4.2]",Quartair,Quartair
13267,"(4.2, 4.8]",Quartair,Quartair
13267,"(4.8, 5.4]",Quartair,Quartair
13267,"(5.4, 6.0]",Quartair,Quartair
13267,"(6.0, 6.6]",Quartair,Quartair
13267,"(6.6, 7.2]",Quartair,Quartair
13267,"(7.2, 7.8]",Quartair,Quartair
13267,"(7.8, 8.4]",Quartair,Quartair
13267,"(8.4, 9.0]",Quartair,Quartair
13267,"(9.0, 9.6]",Quartair,Lede
13267,"(9.6, 10.2]",Quartair,Quartair
13267,"(10.2, 10.8]",Quartair,Quartair
13267,"(10.8, 11.4]",Quartair,Mont_Panisel
13267,"(11.4, 12.0]",Quartair,Aalbeke
13267,"(12.0, 12.6]",Quartair,Mont_Panisel
13267,"(12.6, 13.2]",Quartair,Mont_Panisel
13267,"(12.6, 13.2]",Mons_en_Pevele,Mont_Panisel
13267,"(13.2, 13.8]",Mons_en_Pevele,Mont_Panisel
13267,"(13.8, 14.4]",Mons_en_Pevele,Lede
13267,"(14.4, 15.0]",Mons_en_Pevele,Lede
13267,"(15.0, 15.6]",Mons_en_Pevele,Mons_en_Pevele
13267,"(15.6, 16.2]",Mons_en_Pevele,Lede
13267,"(16.2, 16.8]",Mons_en_Pevele,Mons_en_Pevele
13267,"(16.8, 17.4]",Mons_en_Pevele,Mons_en_Pevele
13267,"(17.4, 18.0]",Mons_en_Pevele,Mont_Panisel
13267,"(18.0, 18.6]",Mons_en_Pevele,Kwatrecht
13267,"(18.6, 19.2]",Mons_en_Pevele,Aalbeke
13267,"(19.2, 19.8]",Mons_en_Pevele,Kwatrecht
13267,"(19.8, 20.4]",Mons_en_Pevele,Kwatrecht
13267,"(20.4, 21.0]",Mons_en_Pevele,Kwatrecht
13267,"(21.0, 21.6]",Mons_en_Pevele,Mons_en_Pevele
13267,"(21.6, 22.2]",Mons_en_Pevele,Mons_en_Pevele
13267,"(22.2, 22.8]",Mons_en_Pevele,Mont_Panisel
13267,"(22.8, 23.4]",Mons_en_Pevele,Mons_en_Pevele
13267,"(23.4, 24.0]",Mons_en_Pevele,Mons_en_Pevele
13267,"(24.0, 24.6]",Mons_en_Pevele,Mons_en_Pevele
13300,"(1.2, 1.8]",Quartair,Quartair
13300,"(1.8, 2.4]",Quartair,Quartair
13300,"(2.4, 3.0]",Quartair,Quartair
13300,"(3.0, 3.6]",Quartair,Quartair
13300,"(3.6, 4.2]",Quartair,Quartair
13300,"(4.2, 4.8]",Quartair,Quartair
13300,"(4.8, 5.4]",Quartair,Quartair
13300,"(5.4, 6.0]",Quartair,Quartair
13300,"(6.0, 6.6]",Quartair,Quartair
13300,"(6.6, 7.2]",Quartair,Quartair
13300,"(7.2, 7.8]",Quartair,Quartair
13300,"(7.8, 8.4]",Quartair,Lede
13300,"(7.8, 8.4]",Lede,Lede
13300,"(8.4, 9.0]",Lede,Lede
13300,"(9.0, 9.6]",Lede,Lede
13300,"(9.6, 10.2]",Lede,Lede
13300,"(10.2, 10.8]",Lede,Lede
13300,"(10.8, 11.4]",Lede,Lede
13300,"(10.8, 11.4]",Brussel,Lede
13300,"(11.4, 12.0]",Brussel,Lede
13300,"(12.0, 12.6]",Brussel,Lede
13300,"(12.6, 13.2]",Brussel,Lede
13300,"(13.2, 13.8]",Brussel,Lede
13300,"(13.8, 14.4]",Brussel,Brussel
13300,"(14.4, 15.0]",Brussel,Brussel
13300,"(15.0, 15.6]",Brussel,Brussel
13300,"(15.6, 16.2]",Brussel,Lede
13300,"(16.2, 16.8]",Brussel,Brussel
13300,"(16.8, 17.4]",Brussel,Brussel
13300,"(17.4, 18.0]",Brussel,Lede
13300,"(18.0, 18.6]",Brussel,Lede
13300,"(18.6, 19.2]",Brussel,Lede
13300,"(19.2, 19.8]",Brussel,Brussel
13300,"(19.8, 20.4]",Brussel,Brussel
13300,"(20.4, 21.0]",Brussel,Brussel
13300,"(21.0, 21.6]",Brussel,Brussel
13300,"(21.6, 22.2]",Brussel,Brussel
13300,"(22.2, 22.8]",Brussel,Brussel
13300,"(22.8, 23.4]",Brussel,Brussel
13300,"(23.4, 24.0]",Brussel,Brussel
13300,"(24.0, 24.6]",Brussel,Brussel
14004,"(-0.001, 0.6]",Quartair,Quartair
14004,"(0.6, 1.2]",Quartair,Quartair
14004,"(1.2, 1.8]",Quartair,Quartair
14004,"(1.8, 2.4]",Quartair,Quartair
14004,"(2.4, 3.0]",Quartair,Quartair
14004,"(3.0, 3.6]",Quartair,Quartair
14004,"(3.6, 4.2]",Quartair,Quartair
14004,"(4.2, 4.8]",Quartair,Quartair
14004,"(4.8, 5.4]",Quartair,Quartair
14004,"(5.4, 6.0]",Quartair,Quartair
14004,"(6.0, 6.6]",Quartair,Quartair
14004,"(6.6, 7.2]",Quartair,Quartair
14004,"(7.2, 7.8]",Quartair,Quartair
14004,"(7.8, 8.4]",Quartair,Lede
14004,"(8.4, 9.0]",Quartair,Lede
14004,"(8.4, 9.0]",Lede,Lede
14004,"(9.0, 9.6]",Lede,Lede
14004,"(9.6, 10.2]",Lede,Lede
14004,"(10.2, 10.8]",Lede,Lede
14004,"(10.8, 11.4]",Lede,Lede
14004,"(11.4, 12.0]",Lede,Lede
14004,"(12.0, 12.6]",Merelbeke,Merelbeke
14004,"(12.6, 13.2]",Merelbeke,Mont_Panisel
14004,"(13.2, 13.8]",Merelbeke,Mont_Panisel
14004,"(13.8, 14.4]",Merelbeke,Mont_Panisel
14004,"(13.8, 14.4]",Kwatrecht,Mont_Panisel
14004,"(14.4, 15.0]",Kwatrecht,Mont_Panisel
14004,"(15.0, 15.6]",Kwatrecht,Mont_Panisel
14004,"(15.6, 16.2]",Kwatrecht,Mont_Panisel
14004,"(16.2, 16.8]",Kwatrecht,Mont_Panisel
14004,"(16.8, 17.4]",Kwatrecht,Mont_Panisel
14004,"(16.8, 17.4]",Mont_Panisel,Mont_Panisel
14004,"(17.4, 18.0]",Mont_Panisel,Mont_Panisel
14004,"(18.0, 18.6]",Mont_Panisel,Mont_Panisel
14004,"(18.6, 19.2]",Mont_Panisel,Mont_Panisel
14004,"(19.2, 19.8]",Mont_Panisel,Mont_Panisel
14004,"(19.8, 20.4]",Mont_Panisel,Mont_Panisel
14004,"(20.4, 21.0]",Mont_Panisel,Mont_Panisel
14004,"(21.0, 21.6]",Mont_Panisel,Mont_Panisel
14004,"(21.6, 22.2]",Mont_Panisel,Mont_Panisel
14004,"(22.2, 22.8]",Mont_Panisel,Mont_Panisel
14004,"(22.8, 23.4]",Mont_Panisel,Mont_Panisel
14004,"(23.4, 24.0]",Mont_Panisel,Mont_Panisel
14004,"(24.0, 24.6]",Mont_Panisel,Mons_en_Pevele
14004,"(24.6, 25.2]",Mont_Panisel,Mont_Panisel
14004,"(25.2, 25.8]",Mont_Panisel,Mont_Panisel
14004,"(25.8, 26.4]",Mont_Panisel,Mont_Panisel
14004,"(26.4, 27.0]",Mont_Panisel,Mont_Panisel
14004,"(27.0, 27.6]",Mont_Panisel,Mont_Panisel
14004,"(27.6, 28.2]",Mont_Panisel,Mont_Panisel
14004,"(28.2, 28.8]",Mont_Panisel,Mont_Panisel
14004,"(28.8, 29.4]",Mont_Panisel,Mont_Panisel
14004,"(29.4, 30.0]",Mont_Panisel,Mont_Panisel
14004,"(30.0, 30.6]",Mont_Panisel,Mont_Panisel
14004,"(30.6, 31.2]",Mont_Panisel,Mont_Panisel
14004,"(31.2, 31.8]",Mont_Panisel,Mont_Panisel
14004,"(31.8, 32.4]",Mont_Panisel,Mont_Panisel
14004,"(32.4, 33.0]",Mont_Panisel,Mont_Panisel
14004,"(33.0, 33.6]",Mont_Panisel,Mont_Panisel
14004,"(33.6, 34.2]",Mont_Panisel,Mont_Panisel
14004,"(34.2, 34.8]",Mont_Panisel,Mont_Panisel
14004,"(34.8, 35.4]",Mont_Panisel,Aalbeke
14004,"(34.8, 35.4]",Aalbeke,Aalbeke
14004,"(35.4, 36.0]",Aalbeke,Aalbeke
14004,"(36.0, 36.6]",Aalbeke,Aalbeke
14004,"(36.6, 37.2]",Aalbeke,Aalbeke
14004,"(37.2, 37.8]",Aalbeke,Aalbeke
14004,"(37.8, 38.4]",Aalbeke,Aalbeke
14004,"(38.4, 39.0]",Aalbeke,Aalbeke
14004,"(39.0, 39.6]",Aalbeke,Aalbeke
14004,"(39.6, 40.2]",Aalbeke,Aalbeke
14004,"(40.2, 40.8]",Aalbeke,Aalbeke
14004,"(40.8, 41.4]",Aalbeke,Aalbeke
14006,"(6.0, 6.6]",Lede,Lede
14006,"(6.6, 7.2]",Lede,Lede
14006,"(7.2, 7.8]",Lede,Lede
14006,"(7.8, 8.4]",Lede,Lede
14006,"(8.4, 9.0]",Lede,Lede
14006,"(9.0, 9.6]",Lede,Lede
14006,"(9.6, 10.2]",Lede,Lede
14006,"(10.2, 10.8]",Lede,Lede
14006,"(10.8, 11.4]",Lede,Lede
14006,"(11.4, 12.0]",Lede,Lede
14006,"(12.0, 12.6]",Lede,Lede
14006,"(12.6, 13.2]",Lede,Mont_Panisel
14006,"(13.2, 13.8]",Lede,Mont_Panisel
14006,"(13.8, 14.4]",Lede,Mont_Panisel
14006,"(14.4, 15.0]",Lede,Aalbeke
14006,"(14.4, 15.0]",Merelbeke,Aalbeke
14006,"(15.0, 15.6]",Merelbeke,Merelbeke
14006,"(15.6, 16.2]",Merelbeke,Mont_Panisel
14006,"(16.2, 16.8]",Merelbeke,Merelbeke
14006,"(16.8, 17.4]",Merelbeke,Mont_Panisel
14006,"(17.4, 18.0]",Merelbeke,Mont_Panisel
14006,"(18.0, 18.6]",Kwatrecht,Mont_Panisel
14006,"(18.6, 19.2]",Kwatrecht,Mont_Panisel
14006,"(19.2, 19.8]",Kwatrecht,Mont_Panisel
14006,"(19.8, 20.4]",Kwatrecht,Mont_Panisel
14006,"(20.4, 21.0]",Kwatrecht,Mont_Panisel
14006,"(21.0, 21.6]",Kwatrecht,Mont_Panisel
14006,"(21.6, 22.2]",Kwatrecht,Mont_Panisel
14006,"(21.6, 22.2]",Mont_Panisel,Mont_Panisel
14006,"(22.2, 22.8]",Mont_Panisel,Mont_Panisel
14006,"(22.8, 23.4]",Mont_Panisel,Mont_Panisel
14006,"(23.4, 24.0]",Mont_Panisel,Mont_Panisel
14006,"(24.0, 24.6]",Mont_Panisel,Mont_Panisel
14006,"(24.6, 25.2]",Mont_Panisel,Mont_Panisel
14006,"(25.2, 25.8]",Mont_Panisel,Mont_Panisel
14006,"(25.8, 26.4]",Mont_Panisel,Mont_Panisel
14006,"(26.4, 27.0]",Mont_Panisel,Mont_Panisel
14006,"(27.0, 27.6]",Mont_Panisel,Mont_Panisel
14006,"(27.6, 28.2]",Mont_Panisel,Mont_Panisel
14006,"(28.2, 28.8]",Mont_Panisel,Mont_Panisel
14006,"(28.8, 29.4]",Mont_Panisel,Mont_Panisel
14006,"(29.4, 30.0]",Mont_Panisel,Mont_Panisel
14006,"(30.0, 30.6]",Mont_Panisel,Mont_Panisel
14006,"(30.6, 31.2]",Mont_Panisel,Mont_Panisel
14009,"(-0.001, 0.6]",Quartair,Quartair
14009,"(0.6, 1.2]",Quartair,Quartair
14009,"(1.2, 1.8]",Quartair,Quartair
14009,"(1.8, 2.4]",Quartair,Quartair
14009,"(2.4, 3.0]",Quartair,Quartair
14009,"(3.0, 3.6]",Quartair,Quartair
14009,"(3.6, 4.2]",Quartair,Quartair
14009,"(4.2, 4.8]",Quartair,Quartair
14009,"(4.8, 5.4]",Quartair,Quartair
14009,"(5.4, 6.0]",Quartair,Quartair
14009,"(5.4, 6.0]",Mont_Panisel,Quartair
14009,"(6.0, 6.6]",Mont_Panisel,Quartair
14009,"(6.6, 7.2]",Mont_Panisel,Quartair
14009,"(7.2, 7.8]",Mont_Panisel,Quartair
14009,"(7.8, 8.4]",Mont_Panisel,Quartair
14009,"(8.4, 9.0]",Mont_Panisel,Mont_Panisel
14009,"(9.0, 9.6]",Mont_Panisel,Quartair
14009,"(9.6, 10.2]",Mont_Panisel,Quartair
14009,"(10.2, 10.8]",Mont_Panisel,Mont_Panisel
14009,"(10.8, 11.4]",Mont_Panisel,Quartair
14009,"(11.4, 12.0]",Mont_Panisel,Mont_Panisel
14009,"(12.0, 12.6]",Mont_Panisel,Quartair
14009,"(12.6, 13.2]",Mont_Panisel,Quartair
14009,"(13.2, 13.8]",Mont_Panisel,Mont_Panisel
14009,"(13.8, 14.4]",Mont_Panisel,Kwatrecht
14009,"(14.4, 15.0]",Mont_Panisel,Kwatrecht
14009,"(15.0, 15.6]",Mont_Panisel,Mont_Panisel
14009,"(15.6, 16.2]",Mont_Panisel,Mont_Panisel
14009,"(16.2, 16.8]",Mont_Panisel,Mont_Panisel
14009,"(16.8, 17.4]",Mont_Panisel,Mont_Panisel
14009,"(17.4, 18.0]",Mont_Panisel,Mons_en_Pevele
14009,"(18.0, 18.6]",Mont_Panisel,Merelbeke
14009,"(18.6, 19.2]",Mont_Panisel,Mont_Panisel
14009,"(19.2, 19.8]",Mont_Panisel,Mons_en_Pevele
14009,"(19.8, 20.4]",Mont_Panisel,Mont_Panisel
14009,"(20.4, 21.0]",Mont_Panisel,Kwatrecht
14009,"(21.0, 21.6]",Mont_Panisel,Kwatrecht
14009,"(21.6, 22.2]",Mont_Panisel,Kwatrecht
14009,"(22.2, 22.8]",Mont_Panisel,Mont_Panisel
14009,"(22.8, 23.4]",Mont_Panisel,Kwatrecht
14009,"(23.4, 24.0]",Mont_Panisel,Kwatrecht
14009,"(24.0, 24.6]",Mont_Panisel,Aalbeke
14009,"(24.0, 24.6]",Aalbeke,Aalbeke
14009,"(24.6, 25.2]",Aalbeke,Aalbeke
14009,"(25.2, 25.8]",Aalbeke,Aalbeke
14009,"(25.8, 26.4]",Aalbeke,Aalbeke
14009,"(26.4, 27.0]",Aalbeke,Aalbeke
14009,"(27.0, 27.6]",Aalbeke,Aalbeke
14009,"(27.6, 28.2]",Aalbeke,Aalbeke
14009,"(28.2, 28.8]",Aalbeke,Aalbeke
14009,"(28.8, 29.4]",Aalbeke,Mont_Panisel
14009,"(29.4, 30.0]",Aalbeke,Aalbeke
14009,"(29.4, 30.0]",Mons_en_Pevele,Aalbeke
